name,category,region,score,review,value,price,address,latitude,longitude
대성갈비,갈비,뚝섬역,3.2,463,19.64763056712402,30500,서울 성동구 상원1길 26 서울숲A타워 1층 101~103호 (우)04779,37.5461391,127.0486088
제스티살룬 성수,햄버거,뚝섬역,4.1,2064,31.29483057212004,10925,서울 성동구 서울숲4길 13 1층 (우)04768,37.5475413,127.0424647
르프리크,햄버거,뚝섬역,4.3,1293,30.811621942761633,8925,서울 성동구 연무장5길 9-16 B103호 (우)04782,37.5443638,127.0526737
차이나플레인 서울숲점,중국요리,뚝섬역,3.3,217,17.768833707203992,16500,서울 성동구 뚝섬로1길 25 (우)04778,37.5436431,127.0463021
로우커피스탠드,카페,뚝섬역,4.5,373,26.659151088365395,2700,서울 성동구 왕십리로4길 28-2 1층 (우)04778,37.5471333,127.0466301
미테이블 성수본점,양식,뚝섬역,4.7,1277,33.61934268420616,31900,서울 성동구 왕십리로8길 5 1층 (우)04778,37.5465226,127.045351
밀도 성수본점,"제과,베이커리",뚝섬역,3.7,367,21.859906871225046,7750,서울 성동구 왕십리로 96 1층 (우)04778,37.5462417,127.0448937
오레노카츠 성수본점,"돈까스,우동",뚝섬역,3.7,465,22.73348684626489,14500,서울 성동구 성수일로 47 1층 102호 (우)04779,37.5447534,127.049521
센터커피 서울숲점,커피전문점,뚝섬역,3.8,505,23.66083934329237,5500,서울 성동구 서울숲2길 28-11 1층 (우)04768,37.5465341,127.0416644
소문난성수감자탕,감자탕,뚝섬역,3.0,3758,24.695724730692532,19500,서울 성동구 연무장길 45 1층 (우)04782,37.5428851,127.0544297
어메이징브루잉컴퍼니 성수브루펍,"호프,요리주점",뚝섬역,4.2,205,22.377079908916244,25000,서울 성동구 성수일로4길 4 1층 (우)04780,37.5428884,127.0493997
누메로도스,이탈리안,뚝섬역,3.9,650,25.266187604613418,20250,서울 성동구 상원1길 35-9 1층 (우)04778,37.5463498,127.0473418
훼미리손칼국수보쌈,"족발,보쌈",뚝섬역,3.5,856,23.63703271509223,18500,서울 성동구 왕십리로 134 1층 (우)04789,37.5495435,127.0446906
서울숲누룽지통닭구이,치킨,뚝섬역,3.7,433,22.4702647761715,26500,"서울 성동구 왕십리로5길 10 1, 2층 (우)04768",37.5469641,127.0444086
할머니의레시피,한식,뚝섬역,3.6,624,23.175905939051045,12250,서울 성동구 서울숲2길 44-12 (우)04768,37.5471785,127.0421007
카페&펍 연무장,카페,뚝섬역,3.5,384,20.836351670007247,5875,서울 성동구 연무장길 36 8층 (우)04781,37.5428635,127.0533094
온량,이탈리안,뚝섬역,3.7,618,23.783989508933008,15500,서울 성동구 서울숲4길 26-10 1층 (우)04768,37.5469117,127.0434891
블루보틀 성수 카페,커피전문점,뚝섬역,3.2,822,21.481459842166625,5600,서울 성동구 아차산로 7 (우)04789,37.5485225,127.046582
스시이치바,"초밥,롤",뚝섬역,4.3,297,24.497501991973238,12250,서울 성동구 왕십리로14길 8 (우)04789,37.54939299999999,127.0448219
비사벌 전주콩나물국밥,국밥,뚝섬역,4.2,276,23.620873525986823,10000,서울 성동구 왕십리로6길 1-2 1층 (우)04778,37.5462676,127.045032
로우키,카페,뚝섬역,4.4,711,28.899542810212697,3675,서울 성동구 연무장3길 6 1층 (우)04782,37.5441954,127.0515838
갓잇 서울숲점,"멕시칸,브라질",뚝섬역,4.6,535,28.907017140925685,41750,서울 성동구 왕십리로10길 9-14 1층 (우)04778,37.5469979,127.0458673
할아버지공장,디저트카페,뚝섬역,3.2,727,21.088963354229396,7250,서울 성동구 성수이로7가길 9 1-2층 (우)04781,37.5411231,127.0548807
차만다 서울숲점,양식,뚝섬역,4.3,2132,32.96072428942681,30500,서울 성동구 서울숲2길 28-12 1층 (우)04768,37.5465921,127.0414517
무색 MUSAEK,일식,뚝섬역,4.5,472,27.715929248213698,30000,서울 성동구 상원2길 1-10 2층 (우)04779,37.5461995,127.0493273
어니언 성수,카페,뚝섬역,3.5,1037,24.307678723040418,5625,서울 성동구 아차산로9길 8 1-2층 (우)04797,37.5447169,127.0582995
호호식당 성수동점,일식,뚝섬역,3.2,291,18.1656121672585,17000,서울 성동구 서울숲4길 25 (우)04768,37.5471159,127.0439136
눈꽃돼지,"육류,고기",뚝섬역,4.5,146,22.456946640504313,21750,서울 성동구 왕십리로8길 17-4 (우)04778,37.5462247,127.0467185
성수베이킹스튜디오,"제과,베이커리",뚝섬역,4.6,790,30.697170651731206,4250,서울 성동구 서울숲2길 46 지하1층 (우)04768,37.5461913,127.0437481
타코튜즈데이 성수점,"멕시칸,브라질",뚝섬역,4.0,878,27.115139590740707,36000,서울 성동구 왕십리로10길 10 1층 (우)04778,37.5467285,127.0456066
권식족발,"족발,보쌈",뚝섬역,4.2,68,17.78324731930849,38666,서울 성동구 아차산로7길 4 1층 (우)04794,37.5455638,127.0543972
성일정육식당,"육류,고기",뚝섬역,2.7,74,11.657217906548038,66250,서울 성동구 아차산로3길 9 1층 (우)04789,37.5482472,127.0469416
성수족발,"족발,보쌈",뚝섬역,3.3,774,21.954447996866044,45000,서울 성동구 아차산로7길 7 1층 (우)04793,37.5460225,127.0542142
홍화돈,삼겹살,뚝섬역,3.7,516,23.117758635681188,36000,서울 성동구 왕십리로4길 23-1 1층 (우)04778,37.5469638,127.0463449
강남면옥 성수점,냉면,뚝섬역,3.0,333,17.433422978930103,60250,"서울 성동구 성수일로 77 1층 110,111호 (우)04790",37.547478,127.0498957
케슬리 성수본점,샌드위치,뚝섬역,4.6,12,11.798767044323068,5875,서울 성동구 상원6길 3 1층 (우)04790,37.54854479999999,127.048593
파머스카페,카페,뚝섬역,4.1,1047,28.514019346012045,5625,서울 성동구 왕십리로6길 11 1층 (우)04778,37.5460053,127.0460921
밀본,칼국수,뚝섬역,3.1,89,13.949409978023821,10250,서울 성동구 아차산로 67-16 KIMG빌딩 1층 (우)04793,37.546444,127.0513611
이태리차차,이탈리안,뚝섬역,3.7,185,19.335262692738848,24500,서울 성동구 연무장길 14-5 1층 (우)04781,37.5434963,127.051029
유가츠,"돈까스,우동",뚝섬역,4.0,309,22.94628918991677,12000,서울 성동구 서울숲4길 12-7 지하1층 (우)04768,37.5472618,127.0423072
정선부뚜막,한식,뚝섬역,3.5,191,18.401233802097234,10000,서울 성동구 서울숲6길 14 1층 (우)04768,37.5475077,127.0430577
오후,퓨전일식,뚝섬역,3.6,729,23.734960322912773,14250,서울 성동구 서울숲2길 44-7 1층 (우)04768,37.5461754,127.0433804
이월로스터스 성수점,카페,뚝섬역,4.1,117,19.559806960309224,5250,서울 성동구 서울숲2길 46 (우)04768,37.5471785,127.0421007
평이담백뼈칼국수 성수점,칼국수,뚝섬역,3.4,630,21.920839932640124,17000,"서울 성동구 상원10길 10 지하1층, 1층 (우)04790",37.5493504,127.0490622
쎈느,카페,뚝섬역,3.8,182,19.7960473807974,6325,"서울 성동구 연무장5길 20 1,2층 (우)04782",37.5448471,127.0534209
소바마에,일식,뚝섬역,3.8,289,21.545547507325974,13550,서울 성동구 왕십리로4길 26-20 지하1층 (우)04778,37.5468041,127.0470079
성수동대림창고갤러리,갤러리카페,뚝섬역,3.1,1294,22.215424519814277,7500,서울 성동구 성수이로 78 1층 (우)04784,37.5418384,127.0564636
고집132 성수본점,삼겹살,뚝섬역,4.6,447,28.082048869108927,22000,서울 성동구 왕십리로8길 5 대영빌딩1층 (우)04778,37.5465226,127.045351
파르코,피자,뚝섬역,3.9,460,23.920252367686928,18425,서울 성동구 서울숲2길 44 1층 (우)04768,37.5462414,127.0435723
춘천닭갈비,닭요리,뚝섬역,4.8,42,18.0537605553291,10333,서울 성동구 왕십리로8길 8 1층 (우)04778,37.546324,127.0456226
<<<<<<< Updated upstream
자연도소금빵 in성수,"제과,베이커리",뚝섬역,3.4,2434,26.512186920756747,12000,서울 성동구 연무장길 56-1 1층 (우)04781,37.5423017,127.0554582
비엔나커피하우스 서울숲역점,카페,뚝섬역,3.6,56,14.554984564204382,5000,서울 성동구 왕십리로 66 1층 (우)04778,37.5434613,127.0450286
스트로베리32 성수점,"제과,베이커리",뚝섬역,4.5,488,27.865631202636926,36250,서울 성동구 왕십리로10길 9-31 3층 (우)04778,37.5468258,127.0462873
=======
자연도소금빵 in성수,"제과,베이커리",뚝섬역,3.4,2433,26.510790330061404,12000,서울 성동구 연무장길 56-1 1층 (우)04781,37.5423017,127.0554582
비엔나커피하우스 서울숲역점,카페,뚝섬역,3.6,56,14.554984564204382,5000,서울 성동구 왕십리로 66 1층 (우)04778,37.5434613,127.0450286
스트로베리32 성수점,"제과,베이커리",뚝섬역,4.5,487,27.856419326339164,36250,서울 성동구 왕십리로10길 9-31 3층 (우)04778,37.5468258,127.0462873
>>>>>>> Stashed changes
브레디포스트 성수,카페,뚝섬역,4.2,4348,35.18634509291009,5750,"서울 성동구 상원1길 5 1,2층 201호 (우)04779",37.5444991,127.0491623
업사이드커피 뚝섬점,커피전문점,뚝섬역,4.4,156,22.247481543532555,5000,서울 성동구 왕십리로14길 19-1 1층 (우)04788,37.5487537,127.0459109
후후베이크,"제과,베이커리",뚝섬역,4.6,125,22.246896771976797,3550,서울 성동구 상원1길 13 1층 (우)04779,37.5450459,127.0487576
도렐 성수점,카페,뚝섬역,2.9,256,16.09232064619614,4700,서울 성동구 연무장7길 11 1층 (우)04782,37.5438054,127.0544306
빠오즈푸 서울숲점,중식,뚝섬역,4.0,338,23.3040004295218,8625,서울 성동구 왕십리로6길 13 1층 (우)04778,37.545944,127.0461964
치카 성수,디저트카페,뚝섬역,4.5,453,27.531437391186067,19875,서울 성동구 뚝섬로1가길 14 1층 (우)04779,37.5423383,127.0471594
성수아구찜탕,아구,뚝섬역,3.6,56,14.554984564204382,45000,서울 성동구 왕십리로4길 10 1층 (우)04778,37.5455685,127.0458912
<<<<<<< Updated upstream
성수동간판없는집,닭요리,뚝섬역,4.3,305,24.611415938395236,0,서울 성동구 성수일로 59-1 1층 (우)04779,37.5459289,127.0499748
=======
성수동간판없는집,닭요리,뚝섬역,4.3,304,24.59734063941187,0,서울 성동구 성수일로 59-1 1층 (우)04779,37.5459289,127.0499748
>>>>>>> Stashed changes
푸드갤러리빈,두부전문점,뚝섬역,4.8,109,22.5623057558036,17500,서울 성동구 왕십리로6길 19-7 1층 (우)04778,37.5458882,127.0467758
조조칼국수 성수점,칼국수,뚝섬역,4.5,2173,34.5794583045652,11333,서울 성동구 성수일로8길 55 1층 (우)04794,37.545243,127.0566783
베통 성수,카페,뚝섬역,4.6,391,27.467804463036124,5750,서울 성동구 연무장7가길 8 (우)04782,37.54294470000001,127.0552259
술래감자탕,감자탕,뚝섬역,3.9,44,14.845983710104246,16000,서울 성동구 왕십리로4길 13 1층 (우)04778,37.5459709,127.0458523
마일스톤커피 성수,카페,뚝섬역,4.0,461,24.542259564326955,4950,서울 성동구 서울숲4길 15 1층 (우)04768,37.5474337,127.0428283
양복점 성수점,양꼬치,뚝섬역,4.7,335,27.34042245182706,23500,서울 성동구 왕십리로4길 28-2 1층 (우)04778,37.5471333,127.0466301
<<<<<<< Updated upstream
서울로인 서울숲점,한식,뚝섬역,4.4,1122,30.904539400849153,58000,서울 성동구 서울숲2길 32-14 갤러리아포레 2층 203-2호 (우)04769,37.545702,127.042425
=======
서울로인 서울숲점,한식,뚝섬역,4.4,1121,30.900619578763624,58000,서울 성동구 서울숲2길 32-14 갤러리아포레 2층 203-2호 (우)04769,37.545702,127.042425
>>>>>>> Stashed changes
퍼먼트,"제과,베이커리",뚝섬역,3.4,810,22.774111383992405,5250,"서울 성동구 서울숲2길 37 지하1층, 1층 (우)04768",37.5466184,127.042819
카페 투스프링,카페,뚝섬역,4.4,5,7.883741664603442,6000,서울 성동구 왕십리로4길 26-14 1층 (우)04778,37.546851,127.0468581
고공 성수본점,"육류,고기",뚝섬역,3.6,141,17.84097740736454,10000,서울 성동구 왕십리로8길 10 (우)04778,37.5462951,127.0458576
태성골뱅이 성수점,"호프,요리주점",뚝섬역,5.0,123,24.101407828025184,29000,"서울 성동구 왕십리로10길 8 1층, 2층, 지하 (우)04778",37.5468175,127.0455122
브루잉세레모니,커피전문점,뚝섬역,4.5,294,25.591389103529192,6000,서울 성동구 연무장5가길 22-1 1층 (우)04782,37.5432581,127.055141
<<<<<<< Updated upstream
서촌계단집,"해물,생선",서촌,3.0,1096,21.00100338082569,28500,서울 종로구 자하문로1길 15 1층 (우)03041,37.5763353,126.9714913
잘빠진메밀 서촌점,국수,서촌,3.5,848,23.604207152089717,17250,서울 종로구 자하문로11길 4 1-2층 (우)03036,37.579665,126.9709851
라카페갤러리,갤러리카페,서촌,4.7,322,27.154965919146488,14875,서울 종로구 자하문로10길 28 1층 (우)03044,37.5792927,126.9730284
영화루,중국요리,서촌,3.2,650,20.731230855067423,7250,서울 종로구 자하문로7길 65 1층 (우)03036,37.58014,126.9690212
나무사이로,커피전문점,서촌,4.1,455,25.10222051900898,5500,서울 종로구 사직로8길 21 1층 (우)03169,37.5746678,126.9709706
스태픽스,카페,서촌,3.3,1194,23.383474832406513,7125,서울 종로구 사직로9길 22 1층 102호 (우)03027,37.5776587,126.9678039
준수방키친,양식,서촌,4.5,1166,31.7798623452895,26250,서울 종로구 자하문로11길 8 (우)03036,37.5796945,126.9707835
칸다소바 경복궁점,일본식라면,서촌,4.0,1388,28.945357371017376,11000,서울 종로구 자하문로7길 5 1층 (우)03040,37.5781613,126.9712751
김진목삼,삼겹살,서촌,4.5,403,27.00636695082518,18666,서울 종로구 자하문로1길 56 1층 (우)03041,37.5771681,126.9695389
애즈라이크,카페,서촌,3.9,495,24.205646114227218,14500,서울 종로구 효자로7길 23 1층 (우)03044,37.5784234,126.9733336
안주마을,"호프,요리주점",서촌,4.0,1048,27.82237043358519,21000,서울 종로구 자하문로1길 3 (우)03041,37.5764578,126.9721561
토속촌삼계탕,삼계탕,서촌,3.7,1328,26.61107361723901,22250,서울 종로구 자하문로5길 5 (우)03041,37.5776249,126.9716821
알로이막막,동남아음식,서촌,3.0,500,18.649818303254595,15375,서울 종로구 자하문로7길 30 (우)03040,37.5786269,126.9703334
온지음 레스토랑,한식,서촌,4.4,115,20.915796840868005,210000,서울 종로구 효자로 49 4층 (우)03043,37.58050650000001,126.9733811
아키비스트,카페,서촌,3.9,768,25.915854781072014,4833,서울 종로구 효자로13길 52 1층 (우)03042,37.5822158,126.9726772
스코프 서촌점,"제과,베이커리",서촌,3.7,458,22.677485777224017,4825,서울 종로구 필운대로5가길 31 (우)03037,37.5803606,126.967478
도량,중국요리,서촌,4.4,605,28.190271938704985,26500,서울 종로구 자하문로6길 6 백송빌딩 2층 (우)03044,37.5779717,126.9725066
서촌김씨뜨라또리아,이탈리안,서촌,4.2,272,23.559781539776832,21250,서울 종로구 자하문로9길 6 2층 (우)03036,37.579579,126.9708425
고치비,이탈리안,서촌,3.7,385,22.036598267019876,28000,서울 종로구 필운대로 38 1층 (우)03040,37.579331,126.9689389
마지,한식,서촌,3.6,132,17.605256861598313,9750,서울 종로구 자하문로5길 19 (우)03041,37.5776006,126.9707943
한일관 광화문점,한정식,서촌,3.4,90,15.336922322157289,16500,서울 종로구 종로1길 50 더케이트윈타워 A동 지하1층 (우)03142,37.574769,126.979032
서촌기와집,갈비,서촌,3.2,59,13.101902599110723,32500,서울 종로구 자하문로1길 35 1층 (우)03041,37.5765076,126.9702488
체부동잔치집,국수,서촌,3.6,1009,24.903740195407096,9625,서울 종로구 자하문로1길 16 1층 (우)03041,37.57655159999999,126.9715014
포담,중국요리,서촌,3.5,295,19.91625809013421,19250,서울 종로구 사직로 133-10 2층 1호 (우)03044,37.5763755,126.9734463
금상고로케 서촌마을점,"제과,베이커리",서촌,4.4,163,22.439412282426478,12000,서울 종로구 자하문로9길 24 1층 (우)03036,37.579581,126.9697597
체부동수제비와보리밥,수제비,서촌,3.8,230,20.681187299982813,12250,서울 종로구 자하문로5길 16 1층 (우)03040,37.5777894,126.9710431
누하의숲,일식집,서촌,3.8,356,22.335395970762626,15250,서울 종로구 필운대로 31-1 (우)03039,37.5787939,126.9687445
후라토식당 본점,일식,서촌,3.8,529,23.836932624875434,17750,서울 종로구 새문안로5길 19 로얄빌딩 지하1층 63호 (우)03173,37.571988,126.9743281
이태리총각,이탈리안,서촌,3.3,120,15.826108800469246,24000,서울 종로구 자하문로9길 11 1층 (우)03040,37.579332,126.9705632
대오서점,카페,서촌,2.9,91,13.113186873442217,5750,서울 종로구 자하문로7길 55 (우)03036,37.5804114,126.969845
한옥달,이탈리안,서촌,4.0,96,18.29884391401353,20000,서울 종로구 자하문로1가길 9 1층 (우)03041,37.5769438,126.9718793
강구미주구리,회,서촌,3.9,113,18.47117394873853,37500,서울 종로구 자하문로2길 5 (우)03044,37.5765943,126.9730362
까델루뽀,이탈리안,서촌,3.9,140,19.300163572474858,19250,서울 종로구 자하문로16길 5-5 (우)03042,37.5818097,126.9714224
인텔리젠시아 커피 서촌,커피전문점,서촌,3.1,423,18.75417371121907,5600,서울 종로구 자하문로 34 1층 (우)03044,37.5790884,126.9717598
더마틴,카페,서촌,3.9,363,22.998900083783287,6250,서울 종로구 자하문로 54-1 1층 (우)03043,37.5809502,126.9714965
창성갈비,갈비,서촌,4.0,62,16.57253890556613,10500,서울 종로구 자하문로 40-1 1층 (우)03043,37.57963549999999,126.9715949
라면점빵,분식,서촌,4.1,152,20.624795477708982,5125,서울 종로구 자하문로1길 39 1층 (우)03041,37.5765951,126.9701253
광화문뚝감,감자탕,서촌,3.9,682,25.45332995232608,25500,서울 종로구 새문안로3길 21 1층 (우)03175,37.57210190000001,126.9725724
김용현베이커리,"제과,베이커리",서촌,4.0,314,23.010290555302532,4200,서울 종로구 자하문로 21 1층 (우)03040,37.5779879,126.9715459
이가면옥,냉면,서촌,4.0,88,17.95454547892856,11750,서울 종로구 자하문로1길 33 (우)03041,37.5764792,126.9703968
국빈관,"육류,고기",서촌,3.6,378,21.375130338296735,44000,서울 종로구 자하문로2길 17-4 (우)03044,37.5766245,126.9738266
밥플러스,한식,서촌,4.2,104,19.546633470661597,10500,서울 종로구 옥인길 9 1층 (우)03037,37.5808819,126.967756
The94,이탈리안,서촌,3.9,99,17.960163725353556,19750,서울 종로구 자하문로10길 10-32 1층 (우)03044,37.5789832,126.9719689
사발,한식,서촌,3.5,384,20.836351670007247,16750,서울 종로구 사직로8길 34 경희궁의아침 3단지 1층 142호 (우)03174,37.5735289,126.9721203
대충유원지 인왕산,카페,서촌,3.7,374,21.92962629609052,7000,서울 종로구 필운대로 46 무목적빌딩 4층 (우)03036,37.5800431,126.9688155
두오모 북스앤쿡스,이탈리안,서촌,3.9,160,19.817477023439405,43500,서울 종로구 자하문로16길 5 1층 (우)03042,37.5816557,126.9715615
테라로사 광화문점,커피전문점,서촌,4.0,355,23.49972292340812,5700,서울 종로구 종로1길 50 더케이트윈타워 B동 1층 (우)03142,37.574708,126.979549
화목순대국 광화문1호점,순대,서촌,3.9,447,23.80869360641844,15500,서울 종로구 새문안로5길 11 1층 (우)03182,37.57119,126.9747387
도취,한식,서촌,4.4,316,25.339167805060036,23500,서울 종로구 옥인길 23-6 지하1층 101호 (우)03037,37.5802493,126.9673793
효자동초밥,"초밥,롤",서촌,3.2,242,17.577796618689757,19000,서울 종로구 자하문로 14 1층 (우)03044,37.5773886,126.9724395
능라밥상,한식,서촌,3.7,133,18.12200725981837,32000,서울 종로구 사직로2길 14 (우)03026,37.5729714,126.9639588
코피티암커피 경복궁점,카페,서촌,3.5,147,17.490242958174402,4950,서울 종로구 자하문로4길 7 (우)03044,37.5774028,126.9726376
사직커피,카페,서촌,4.5,173,23.21574884646538,6900,"서울 종로구 사직로 49-4 1, 2층 (우)03028",37.5738163,126.9650656
내자상회,카페,서촌,4.0,424,24.20835667569767,8250,서울 종로구 사직로10길 3 1층 (우)03169,37.5757892,126.9704987
김진목삼 2호점,"육류,고기",서촌,4.6,304,26.313434172394093,18666,서울 종로구 자하문로1가길 9 1층 (우)03041,37.5769438,126.9718793
광화문한옥집,한식,서촌,2.9,123,13.978816540254607,34250,서울 종로구 새문안로5가길 7 세종클럽 지하1층 (우)03173,37.57274049999999,126.9740251
고가빈커리하우스 광화문본점,인도음식,서촌,3.7,4015,30.702754147074792,14775,서울 종로구 경희궁2길 7 3층 (우)03175,37.5728735,126.9709678
평안도만두집,한식,서촌,4.0,179,20.77182740356084,26000,서울 종로구 새문안로3길 30 대우복합빌딩 지하1층 104-105호 (우)03173,37.5727748,126.9732574
광화문집,"찌개,전골",서촌,2.8,195,14.778721045845446,7500,서울 종로구 새문안로5길 12 (우)03183,37.570892,126.9754776
통의동단팥,카페,서촌,4.4,185,22.99328536433809,8875,서울 종로구 자하문로 20-1 (우)03044,37.5779575,126.9722402
아시안쿠진 경복궁점,태국음식,서촌,4.1,105,19.120100285859472,13500,서울 종로구 자하문로1길 7-1 (우)03041,37.5764731,126.971938
풍년옥,설렁탕,서촌,4.1,99,18.881197762551174,13250,서울 종로구 새문안로7길 26 1층 (우)03183,37.5714052,126.9751259
목원의서촌가락,국수,서촌,3.9,96,17.841372816163194,6500,서울 종로구 자하문로7길 59 1층 (우)03036,37.57987680000001,126.9691965
고트델리 서촌,양식,서촌,4.0,1520,29.30849316903717,10375,서울 종로구 필운대로5가길 13 1층 (우)03037,37.5799201,126.9682358
황생가칼국수,칼국수,서촌,3.6,1602,26.56667574939439,12750,서울 종로구 북촌로5길 78 (우)03053,37.5800955,126.9806437
활짝핀메밀 본점,한식,서촌,3.1,149,15.532969411698392,9000,서울 종로구 자하문로 38 1층 (우)03044,37.5793736,126.971631
스쿠퍼젤라또,아이스크림,서촌,4.6,255,25.507816244605984,11875,서울 종로구 자하문로7길 10 1층 (우)03040,37.5783821,126.971187
별미곱창,"곱창,막창",서촌,4.5,247,24.81042935774242,14000,서울 종로구 자하문로1길 50 (우)03041,37.5769254,126.9697077
뼈탄집,"육류,고기",서촌,3.6,2196,27.701453060584594,17750,서울 종로구 자하문로1길 13 1-2층 (우)03041,37.5764175,126.9716688
까사이태리아,이탈리안,서촌,3.6,684,23.505907817744013,13250,서울 종로구 자하문로8길 10 1층 (우)03044,37.5787247,126.9723833
원조정할머니 기름떡볶이,떡볶이,서촌,3.6,113,17.050314414220185,8500,서울 종로구 자하문로11길 40 통인시장 (우)03036,37.5805961,126.9701296
이도림 블로트커피X베이크,카페,서촌,4.8,500,29.83970928520735,7250,서울 종로구 자하문로 43 1층 (우)03036,37.5799361,126.971078
만나분식,분식,서촌,3.4,171,17.50148122116574,4625,서울 종로구 필운대로1길 4 1층 (우)03039,37.5773634,126.9690974
평가옥 광화문점,냉면,서촌,3.1,124,14.967772585637135,32250,서울 종로구 새문안로5길 19 로얄빌딩 지하1층 (우)03173,37.571988,126.9743281
갓덴스시 강남점,"초밥,롤",강남역,4.1,885,27.82553949748083,3200,서울 강남구 테헤란로 109 강남제일빌딩 1층 (우)06134,37.498794,127.0289942
마녀주방 강남점,이탈리안,강남역,3.8,464,23.33974214123195,10750,"서울 강남구 강남대로94길 9 크리스탈빌딩 지하1,지하2층 (우)06129",37.4901285,127.0343273
고메램 강남점,"육류,고기",강남역,4.0,688,26.140965084054635,29750,서울 서초구 강남대로 359 대우도씨에빛2차 지하1층 (우)06621,37.49475899999999,127.0285943
노랑저고리 강남점,한정식,강남역,3.6,468,22.142169966406605,27000,서울 서초구 서초대로73길 9 타임빌딩 5층 (우)06616,37.4983105,127.0252308
창고43 강남점,"육류,고기",강남역,3.4,349,19.91697272524376,53500,서울 강남구 강남대로 362 대륭강남타워 지하1층 (우)06241,37.4953858,127.0293408
고래불 역삼본점,회,강남역,3.7,1613,27.32994214067061,76750,서울 강남구 논현로79길 62 1층 (우)06239,37.4963219,127.034042
해담채 강남점,한정식,강남역,4.0,126,19.376748345834365,38000,서울 강남구 논현로85길 70 역삼823빌딩 지하1층 (우)06234,37.4976831,127.0324384
빌즈 강남,양식,강남역,3.2,561,20.260805919659813,11000,서울 강남구 테헤란로 142 아크플레이스 2층 (우)06236,37.4997187,127.0348982
모범갈빗살 강남역본점,"육류,고기",강남역,4.4,218,23.711915611192605,30250,서울 서초구 서초대로73길 40 1층 104호 (우)06612,37.5009346,127.0245823
하이디라오 강남점,샤브샤브,강남역,4.1,1462,29.881802044182507,14450,서울 서초구 서초대로77길 54 서초W타워 2층 (우)06611,37.5025435,127.0247168
농민백암순대 강남직영점,순대,강남역,4.6,1232,32.739145314555984,19500,서울 강남구 역삼로3길 20-4 1층 (우)06243,37.4949208,127.0314964
로리스더프라임립,"스테이크,립",강남역,3.8,456,23.273796885397978,93000,서울 서초구 서초대로 411 GT타워 3층 (우)06615,37.4978195,127.026207
베트남이랑,베트남음식,강남역,3.6,808,24.104876101410568,11125,서울 서초구 서초대로77길 15 대경빌딩 지하1층 (우)06615,37.4989899,127.026209
땀땀 본점,베트남음식,강남역,3.6,2417,28.046505712229056,13250,서울 강남구 강남대로98길 12-5 1층 (우)06129,37.5004018,127.0279808
한성양갈비양꼬치 강남점,양꼬치,강남역,3.6,101,16.649902127823374,44500,서울 강남구 강남대로78길 25 (우)06240,37.4954581,127.031263
을밀대 강남점,냉면,강남역,3.6,521,22.5276033163775,42375,서울 강남구 테헤란로4길 46 지하1층 (우)06241,37.4953995,127.030406
장인닭갈비 강남점,닭요리,강남역,3.5,3034,28.062883462227596,33000,서울 강남구 테헤란로1길 19 지하 1층 (우)06134,37.4996075,127.0275466
맥도날드 강남2호점,패스트푸드,강남역,2.8,203,14.890735982763804,0,서울 강남구 테헤란로 107 메디타워 2층 (우)06134,37.4987079,127.0286602
만원수산,회,강남역,3.8,349,22.26014598703714,46750,서울 서초구 서초대로77길 37 서초월드상가 3층 302호 (우)06612,37.5009881,127.02509
강남진해장,"찌개,전골",강남역,3.3,767,21.924506119387317,25000,서울 강남구 테헤란로5길 11 유빌딩 1층 (우)06134,37.4995267,127.0292602
삼성각,중국요리,강남역,2.9,184,15.13903189272714,13500,서울 서초구 서초대로78길 42 2층 (우)06626,37.4940025,127.028354
쉐이크쉑 강남대로점,패스트푸드,강남역,3.3,683,21.542261128154415,8900,서울 서초구 강남대로 421 삼영빌딩 1-2층 (우)06614,37.5000812,127.0261769
아실라,술집,강남역,3.4,212,18.228393363412046,39225,서울 강남구 강남대로98길 16 파빌리온빌딩 지하1층 (우)06129,37.5007047,127.0280292
카페413프로젝트 역삼점,카페,강남역,4.2,506,26.159746215082972,19300,서울 강남구 논현로97길 19-11 1층 (우)06131,37.5023397,127.0344731
초선과여포 본점,중국요리,강남역,4.0,281,22.567628283752455,18875,서울 서초구 서초대로78길 44 2층 (우)06626,37.493752,127.0284737
자매수산 본점,회,강남역,2.9,604,18.57516252828944,30000,서울 서초구 사평대로56길 12 정경빌딩 1층 (우)06609,37.5029198,127.0230908
일일향 강남3호점,중국요리,강남역,3.0,142,14.888533890779721,23750,서울 서초구 서초대로78길 22 홍우빌딩 3층 (우)06621,37.49582789999999,127.0273532
원조원주추어탕 강남본점,추어,강남역,3.5,214,18.797233098446817,20250,서울 강남구 강남대로110길 6 (우)06123,37.5033407,127.0262873
오목집 역삼점,"족발,보쌈",강남역,3.1,56,12.533458930287106,32750,"서울 강남구 강남대로84길 28 청송빌딩 2,3층 (우)06240",37.4969697,127.0309307
을밀대컵냉면 역삼점,냉면,강남역,2.8,251,15.482401445031984,15750,서울 강남구 논현로85길 52 역삼푸르지오시티 207호 (우)06235,37.498056,127.0338646
뽕족 강남역본점,"족발,보쌈",강남역,3.6,343,21.026309966544233,48500,서울 강남구 테헤란로4길 15 메가시티오피스텔 1층 102~104호 (우)06233,37.4973943,127.0302323
이자카야 공감 강남역점,일본식주점,강남역,2.7,276,15.184847266705814,77750,서울 서초구 강남대로65길 7 2층 (우)06614,37.50027559999999,127.0253266
청류벽,국수,강남역,3.2,629,20.626303422033853,41000,서울 서초구 서초대로74길 29 1층 105호 (우)06621,37.4949424,127.0274216
정월,카페,강남역,3.4,647,22.01122836759773,6125,서울 강남구 강남대로102길 46 1층 (우)06128,37.5036709,127.0285951
조양관,한정식,강남역,3.0,657,19.46761479397595,36250,"서울 서초구 서초대로74길 29 서초파라곤오피스텔 1층, 지하1층 (우)06621",37.4949048,127.027432
하우마라탕,중식,강남역,3.5,1758,26.153752606581453,5275,서울 강남구 강남대로94길 23 2층 (우)06129,37.4997686,127.0291746
일편등심 강남,"육류,고기",강남역,4.4,1191,31.1669065295513,76000,서울 강남구 테헤란로1길 20 지하1층 (우)06129,37.4996677,127.0278325
이자카야나무 강남3호점,일본식주점,강남역,3.4,110,16.012402684461936,25875,서울 서초구 서초대로75길 23 (우)06614,37.4997717,127.0253149
대려도,중국요리,강남역,3.8,160,19.309336586940958,20750,서울 강남구 역삼로 118 2층 (우)06251,37.4933484,127.0320347
백억하누 강남본점,"육류,고기",강남역,4.5,455,27.551217642814738,98750,"서울 강남구 테헤란로5길 29 1,2층 (우)06129",37.5004753,127.0287812
어거스트힐 강남점,양식,강남역,4.0,2626,31.49439115874216,24375,서울 강남구 강남대로106길 25 1층 (우)06124,37.5033848,127.0276108
왕스펍,"호프,요리주점",강남역,3.5,261,19.489205763163838,15700,서울 강남구 강남대로98길 11 1층 (우)06129,37.5008831,127.027485
참치공방 강남점,참치회,강남역,3.9,345,22.801111222725126,36500,서울 강남구 강남대로78길 18 2층 (우)06242,37.4950224,127.0308927
고메스시,"초밥,롤",강남역,3.6,380,21.394077750456123,11625,서울 강남구 테헤란로1길 26 2층 (우)06129,37.5000079,127.0276743
주나수산,회,강남역,2.7,328,15.649355927066505,63900,서울 서초구 서초대로77길 45 실버타운오피스텔 1층 101~104호 (우)06612,37.5015158,127.0248279
키이스케이프 강남점,테마카페,강남역,4.0,294,22.74790142535928,0,서울 강남구 강남대로96길 17 6층 (우)06129,37.5001389,127.0283996
장꼬방,디저트카페,강남역,4.4,425,26.639533123585235,6150,서울 서초구 강남대로61길 27 1층 (우)06616,37.4983303,127.0237836
신도세기 강남역점,"육류,고기",강남역,3.4,187,17.803902673621828,10750,서울 서초구 서초대로78길 22 홍우빌딩 3층 (우)06621,37.49582789999999,127.0273532
육전식당 4호점,"육류,고기",강남역,4.2,300,23.969863111945276,17000,서울 강남구 테헤란로8길 11-4 신도빌딩 1층 (우)06234,37.4980675,127.0319928
알베르,카페,강남역,3.0,1014,20.767931674427665,7750,서울 강남구 강남대로102길 34 (우)06128,37.5030677,127.0280792
요멘야고에몬 강남점,퓨전일식,강남역,3.4,808,22.76571631799887,15000,서울 서초구 서초대로77길 7 서초빌딩 1층 (우)06615,37.499183,127.0260931
파크루안 역삼점,중식,강남역,3.6,186,18.83199102067651,44000,서울 강남구 논현로 430 아세아빌딩 지하1층 (우)06223,37.4990701,127.0383674
대우부대찌개,"찌개,전골",강남역,3.8,789,25.353725192752055,31250,서울 강남구 테헤란로25길 34 1층 (우)06131,37.5027556,127.0352544
썸띵어바웃커피,디저트카페,강남역,3.6,1399,26.07921905617206,6250,서울 강남구 강남대로102길 30 1-3층 (우)06128,37.5028232,127.0278067
룸카페 바니,테마카페,강남역,3.0,131,14.648405767759112,0,서울 강남구 강남대로96길 12 지천빌딩 3층 301호 (우)06129,37.4997177,127.0279918
루프808,카페,강남역,4.2,463,25.787515119350275,32000,서울 강남구 강남대로 470 808타워 16층 (우)06123,37.5043161,127.0250435
오무라안,"돈까스,우동",강남역,3.5,155,17.67449602537338,11000,서울 강남구 논현로79길 66 (우)06239,37.4968665,127.0331885
우동명가 기리야마본진,"돈까스,우동",강남역,3.8,486,23.51540366771384,24250,서울 강남구 강남대로84길 23 한라클래식 지하1층 (우)06233,37.4971347,127.0303771
일품각양꼬치훠궈 역삼동점,양꼬치,강남역,2.9,80,12.743902548550073,15000,서울 강남구 강남대로96길 18 지하 1층 (우)06129,37.4998653,127.0284812
블루보틀 역삼 카페,커피전문점,강남역,4.0,465,24.576742536502582,5600,서울 강남구 테헤란로 129 강남N타워 1층 (우)06133,37.4997777,127.0324107
큰물참치 강남점,참치회,강남역,4.0,176,20.704598930295315,70750,서울 강남구 테헤란로2길 27 패스트파이브빌딩 1층 102호 (우)06241,37.4965546,127.0296354
코드케이 강남점,테마카페,강남역,3.7,52,14.690080080142852,0,서울 강남구 봉은사로2길 31 지하1층 (우)06123,37.5027041,127.0264143
덕자네방앗간 강남본점,분식,강남역,2.9,431,17.59843420590792,4000,"서울 서초구 서초대로77길 62 강남역1차 아이파크 1층 101,102호 (우)06611",37.5027479,127.023912
봉우이층집,"육류,고기",강남역,3.8,718,24.99587315933998,18500,서울 강남구 봉은사로18길 76 2층 (우)06128,37.5017923,127.0273977
메이탄 강남점,중국요리,강남역,3.6,124,17.381929454288287,21750,서울 서초구 서초대로73길 54 서초동오피스텔 2층 210~214호 (우)06611,37.50204430000001,127.0240125
개성집,삼겹살,강남역,3.0,78,13.108343557401064,17000,서울 강남구 봉은사로1길 6 (우)06120,37.5052631,127.0252433
스타벅스 몬테소리점,커피전문점,강남역,4.3,97,19.71536015828346,6500,서울 서초구 강남대로 399 한국몬테소리 빌딩 1층 (우)06615,37.4982126,127.0268238
아트몬스터 강남역점,"호프,요리주점",강남역,4.1,424,24.81356559259011,2377,서울 강남구 테헤란로1길 28-3 1-2층 (우)06129,37.5004478,127.0276366
돝고기506,삼겹살,강남역,3.5,494,21.715952168990416,19750,서울 강남구 테헤란로 145 지하1층 (우)06132,37.5008,127.0351565
신동궁감자탕 역삼직영점,감자탕,강남역,3.3,1359,23.81029192980932,30000,서울 강남구 테헤란로10길 21 (우)06234,37.4983679,127.0323848
진대감 역삼점,"육류,고기",강남역,4.1,711,26.929119436789097,54250,서울 강남구 봉은사로30길 75 1층 (우)06140,37.5027643,127.0371861
유즈라멘 만리동점,일본식라면,서울역,4.3,1749,32.109695587745506,12500,서울 중구 만리재로 217 경김회관 1층 (우)04508,37.5568297,126.9681928
태향,중국요리,서울역,3.3,509,20.573555394870624,9750,서울 용산구 후암로57길 3-10 1-2층 (우)04324,37.5531509,126.974656
서울부띠끄,양식,서울역,3.2,539,20.133021246586626,18100,서울 중구 만리재로 209-1 (우)04508,37.5561169,126.9682177
루싱,중식,서울역,3.3,118,15.771107527268047,8500,서울 중구 한강대로 416 서울스퀘어 지하1층 27-2호 (우)04637,37.5554652,126.9737482
국민회관,삼겹살,서울역,3.8,409,22.861397206853745,13500,서울 중구 만리재로 209-2 1층 1호 (우)04508,37.5561984,126.9680887
두툼,"육류,고기",서울역,3.9,655,25.296027076881945,18000,서울 중구 중림로 10 삼성사이버빌리지 3동 1층 105호 (우)04502,37.5587231,126.9650687
가메골손왕만두 남대문본점,분식,서울역,4.1,819,27.50814779505902,4500,서울 중구 남대문시장4길 42 1층 (우)04528,37.5583674,126.9771207
베리키친,퓨전요리,서울역,3.7,334,21.512282967752746,24000,서울 중구 만리재로 205 1층 (우)04508,37.5558125,126.9679751
돈오리,오리,서울역,4.0,182,20.837944611365685,10500,서울 용산구 한강대로102길 3 1층 (우)04334,37.54995419999999,126.9723102
도동집,퓨전한식,서울역,3.0,551,18.940644138831285,12000,서울 용산구 후암로48길 1 지하1층 (우)04326,37.5528883,126.9768823
공일부엌,한식,서울역,2.9,255,16.08101458899073,21000,서울 중구 만리재로 209 1-2층 (우)04508,37.5560544,126.9681812
복성각 서울역점,중국요리,서울역,2.9,87,12.9842767619868,9500,서울 중구 통일로 10 연세대학교세브란스빌딩 지하1층 (우)04527,37.5571284,126.9737732
풍문고기집,"육류,고기",서울역,2.8,239,15.345788985357574,55750,서울 중구 세종대로2길 6-1 1층 (우)04527,37.5576204,126.973684
만리재비스트로,양식,서울역,3.6,419,21.74491696059869,19500,서울 중구 만리재로 201 1층 (우)04508,37.5556156,126.9678417
팀홀튼 숭례문그랜드센트럴점,카페,서울역,3.8,353,22.30332826990834,5750,서울 중구 세종대로 14 L층 (우)04527,37.557877,126.9743793
도우스 서울로점,피자,서울역,3.9,98,17.9209674155249,22300,서울 중구 중림로 50-1 SKY1004빌딩 1층 101호 (우)04508,37.5570675,126.9681823
해랑스시,"초밥,롤",서울역,4.0,366,23.621447392218283,20250,서울 중구 통일로 10 연세재단세브란스빌딩 지하1층 B1-23호 (우)04527,37.5571284,126.9737732
이이네,일본식라면,서울역,4.1,601,26.241055525766164,13250,서울 용산구 소월로2길 37 1층 (우)04326,37.55327339999999,126.9767174
동강나루터,"매운탕,해물탕",서울역,4.4,127,21.348933161246315,21250,서울 중구 세종대로1길 6 1층 (우)04512,37.5582406,126.9730086
서령,냉면,서울역,4.4,828,29.5689686825953,14500,서울 중구 소월로 10 단암타워 1층 (우)04527,37.5585441,126.9754628
도마 중림점,한식,서울역,4.1,357,24.11018524424287,31250,서울 중구 중림로 31 1층 (우)04506,37.5583505,126.9671563
청운숯불갈비,갈비,서울역,4.5,40,16.711074300169386,26500,서울 용산구 청파로 383-8 1층 (우)04300,37.55414440000001,126.9684864
일미장어,장어,서울역,4.3,121,20.657290492353003,27500,서울 용산구 후암로57길 35-15 지하1층 (우)04324,37.5521381,126.9744069
부원면옥,냉면,서울역,3.4,661,22.08390289018583,12875,서울 중구 남대문시장4길 41-6 부원상가 2층 (우)04529,37.558436,126.9776097
파이브가이즈 서울역점,햄버거,서울역,3.0,1437,21.813025614842978,15400,서울 중구 한강대로 405 2층 (우)04509,37.5562878,126.9694414
호수집 원조닭꼬치,닭요리,서울역,3.6,622,23.164367467634833,28000,서울 중구 청파로 443 (우)04506,37.5588543,126.9674934
연희셀프민물장어,장어,서울역,4.5,32,15.73428402659916,15750,서울 용산구 후암로57길 35-6 1층 (우)04324,37.5518352,126.974298
진주회관,국수,서울역,3.3,2725,26.104949020446373,12250,서울 중구 세종대로11길 26 1층 (우)04513,37.5623833,126.974488
도쿄스테이크 서울스퀘어점,"스테이크,립",서울역,3.4,1051,23.658724537212027,8900,서울 중구 한강대로 416 서울스퀘어 지하1층 (우)04637,37.5554652,126.9737482
순식당,일식,서울역,3.6,120,17.264845964148268,30000,서울 용산구 후암로 83 2층 (우)04324,37.5530905,126.9761265
스타벅스 서울역동자동점,커피전문점,서울역,4.0,44,15.226649959081278,6500,서울 용산구 한강대로 372 KDB생명타워 지하1층 (우)04323,37.5515841,126.9728797
조조칼국수 시청점,칼국수,서울역,4.3,1296,30.82157949256071,11333,서울 중구 세종대로11길 27 1층 (우)04513,37.5620483,126.9743115
해담채 시청점,한정식,서울역,3.3,110,15.5414496643307,38000,서울 중구 칠패로 37 HSBC빌딩 지하 1층 (우)04511,37.5600634,126.9731108
임옥정,"육류,고기",서울역,4.0,14,10.83220080440884,14000,서울 용산구 한강대로 359-2 1층 (우)04320,37.550509,126.9717288
야래향,중국요리,서울역,3.6,199,19.07394251957293,17500,서울 중구 퇴계로10길 14 (우)04634,37.5586944,126.9801725
삼수갑산,"육류,고기",서울역,3.1,82,13.698405884169455,30000,서울 중구 세종대로4길 25 이프라자 1층 101호 (우)04527,37.5579028,126.9752984
만리199,"호프,요리주점",서울역,4.1,150,20.570847330941188,17125,서울 중구 만리재로 199 1층 (우)04508,37.5554648,126.9677168
농민백암순대 시청직영점,순대,서울역,4.5,1115,31.578777643235654,19500,서울 중구 남대문로1길 33 1층 (우)04526,37.5625953,126.9771645
봉래축산,갈비,서울역,4.1,262,22.845831531928834,27750,서울 중구 만리재로35길 6 (우)04508,37.5564608,126.9679325
23번지 남산돈까스 본점,"돈까스,우동",서울역,3.5,1733,26.103651550691705,11500,서울 중구 소파로 23 1층 (우)04635,37.5561316,126.9796309
남해식당,국수,서울역,3.0,141,14.867481172803782,8250,서울 중구 남대문시장4길 42-1 1층 (우)04528,37.5582882,126.9769398
충무칼국수,칼국수,서울역,4.4,252,24.346913750401093,25000,서울 용산구 한강대로104길 38 1층 (우)04333,37.5502169,126.9743695
참치공방 시청지점,참치회,서울역,4.0,242,21.972245773362193,36500,서울 중구 세종대로 64 해남빌딩 1층 (우)04526,37.5619444,126.9766667
빈공간,와인바,서울역,4.4,445,26.841403388888285,20800,서울 중구 만리재로37길 8 세방빌딩 1층 (우)04508,37.5566429,126.9679495
엘카페커피로스터스,카페,서울역,4.2,193,22.12500426806598,5333,서울 용산구 후암로 68 지하1층 1호 (우)04327,37.5519553,126.9770343
엉클조소시지 용산점,"호프,요리주점",서울역,3.4,94,15.483181431441839,15500,서울 용산구 소월로 56 1층 (우)04326,37.5548457,126.976963
일미집,감자탕,서울역,3.5,618,22.498368454396086,23250,서울 용산구 후암로 1-1 1층 (우)04335,37.54615,126.9782669
비스트로미 서울역점,이탈리안,서울역,4.0,127,19.408121055678468,25750,서울 중구 후암로 110 지하 1층 (우)04637,37.554249,126.9740104
맥도날드 서울역점,패스트푸드,서울역,2.9,174,14.977879324378192,0,서울 중구 한강대로 405 2층 110호 (우)04509,37.5562878,126.9694414
대박물갈비,갈비,서울역,4.7,324,27.183978356949765,10000,서울 중구 퇴계로4길 7 1층 (우)04634,37.5575374,126.9777293
옵튼,카페,서울역,4.5,165,23.003945047604446,4750,서울 중구 만리재로 205-1 1층 (우)04508,37.5559077,126.9680524
희락갈치,"해물,생선",서울역,3.6,767,23.917643039331622,13500,"서울 중구 남대문시장길 22-6 1,2층 (우)04528",37.5599063,126.9770883
닭칼원조집,닭요리,서울역,3.4,111,16.04289616240332,18000,서울 중구 청파로 457-1 1층 (우)04505,37.5601961,126.9678019
양미옥 남대문점,"육류,고기",서울역,4.3,88,19.3011363898482,20250,서울 중구 남대문로 27-2 1층 (우)04526,37.5613961,126.9787892
중앙식당,"해물,생선",서울역,3.9,166,19.960175868425345,10250,서울 중구 남대문시장길 22-12 1층 (우)04528,37.559797,126.9770785
석돈,"육류,고기",서울역,3.6,18,10.599980324999185,37075,서울 중구 중림로 40 2층 (우)04502,37.5576768,126.96737
통통김밥 남대문시장점,분식,서울역,4.0,183,20.859743030435943,4575,서울 중구 남대문시장2가길 6-13 1층 (우)04528,37.5591661,126.9769695
아메리칸 포 하우스,아시아음식,서울역,4.3,555,27.1793036652775,13250,서울 중구 만리재로35길 5 1층 (우)04501,37.5555315,126.967393
바스버거 후암점,햄버거,서울역,4.0,268,22.378845518407356,8900,서울 용산구 한강대로104길 32 2층 (우)04333,37.550223,126.9740529
커피앤시가렛,카페,서울역,3.9,1172,27.562547409748554,4375,서울 중구 서소문로 116 유원빌딩 17층 1706호 (우)04513,37.5627296,126.9739978
가마솥족발순대국,"족발,보쌈",서울역,4.0,214,21.48255211251065,24000,서울 용산구 후암로 62 1층 (우)04327,37.5514312,126.9771431
태극당 서울역점,"제과,베이커리",서울역,3.1,250,17.12890411130853,4625,서울 용산구 한강대로 405 3층 (우)04509,37.5523947,126.9710685
철길떡볶이,떡볶이,서울역,2.8,542,17.63190609581502,3000,서울 서대문구 충정로 35-6 (우)03737,37.5622608,126.9636492
아티제 서울스퀘어점,"제과,베이커리",서울역,3.6,68,15.242783416550136,6250,서울 중구 한강대로 416 서울스퀘어 1층 (우)04637,37.5554652,126.9737482
막내회집 본점,회,서울역,3.8,346,22.227434163798065,45000,서울 중구 남대문시장2가길 2 2층 (우)04528,37.5593779,126.9767357
강촌숯불닭갈비,닭요리,서울역,4.2,14,11.373810844629283,14500,서울 용산구 한강대로104길 63 1층 (우)04325,37.5503308,126.9758109
은호식당 남대문본점,곰탕,서울역,3.2,745,21.167121920652036,23750,서울 중구 남대문시장4길 28-4 (우)04528,37.5590028,126.9770725
연타발 서울역점,"곱창,막창",서울역,2.7,414,16.276352004622886,0,서울 중구 퇴계로 10 1층 (우)04637,37.556306,126.9744798
청년우담,"육류,고기",서울역,4.7,36,16.971314189427854,9250,서울 용산구 후암로 93 2층 (우)04324,37.5533423,126.9751213
벤티버거 서울역점,햄버거,서울역,4.3,31,14.902664382038823,6075,"서울 중구 중림로 48-1 1,2층 (우)04508",37.55726420000001,126.9682291
오공일 충정로점,한식,서울역,3.9,317,22.47200039284269,23000,서울 중구 손기정로1길 38 1~4층 (우)04503,37.5588462,126.9620563
쌀쌀맞은닭 서울역점,치킨,서울역,4.4,16,12.466138713847352,16400,서울 용산구 후암로 107 1층 (우)04323,37.5524689,126.9734
보니스피자 용산점,피자,해방촌,3.6,621,23.158584333861047,21500,서울 용산구 신흥로3길 2 1층 (우)04338,37.5411922,126.98693
르몽블랑,디저트카페,해방촌,4.0,337,23.292183581932075,5875,서울 용산구 신흥로 99-4 1층 (우)04337,37.5448885,126.9848528
더백푸드트럭 해방촌점,햄버거,해방촌,2.9,427,17.57145726718721,11975,"서울 용산구 신흥로20길 45-1 1,2층 (우)04328",37.5475016,126.9840103
해방식당,한식,해방촌,4.0,587,25.506907791594507,17750,서울 용산구 신흥로22길 5 1층 (우)04337,37.5456362,126.9846284
오랑오랑,카페,해방촌,3.7,187,19.374835262470814,4750,"서울 용산구 소월로20길 26-14 1,2층 (우)04337",37.5450844,126.9850594
모로코코카페,양식,해방촌,3.6,264,20.0870273735504,11666,서울 용산구 신흥로 34 남동연립 101호 (우)04339,37.5414636,126.987332
타자기,카페,해방촌,4.2,155,21.209395230448056,6250,서울 용산구 신흥로 97-5 2층 (우)04337,37.5452323,126.9848843
라구,"스테이크,립",해방촌,4.0,199,21.193269466192145,18250,서울 용산구 신흥로 42 1층 (우)04339,37.5421851,126.9875148
팟카파우,태국음식,해방촌,4.7,450,28.72389649566259,12750,서울 용산구 신흥로 97-6 2층 (우)04337,37.5451869,126.9848677
빌라드블루 Villa de Bleu,양식,해방촌,3.8,172,19.58250805909156,18000,서울 용산구 신흥로 30-1 1층 (우)04339,37.54117,126.9871758
눕카페&피자펍,카페,해방촌,4.1,305,23.46669891800476,10700,서울 용산구 신흥로26길 20 해방타워 5층 (우)04337,37.545082,126.9838941
타코스탠드,"멕시칸,브라질",해방촌,4.0,410,24.074372857984937,3675,서울 용산구 신흥로 34 1층 (우)04339,37.5414636,126.987332
심야식당기억,일식,해방촌,4.4,384,26.194270670866253,28000,서울 용산구 신흥로 41 1층 (우)04338,37.5422009,126.9872525
성광대도,일본식주점,해방촌,4.2,184,21.925494465328963,23000,서울 용산구 신흥로 63 (우)04338,37.5425714,126.9857498
오잇(OEAT),카페,해방촌,4.2,536,26.401191996937232,6000,서울 용산구 신흥로 95 건물전체 (우)04337,37.5452167,126.9829043
피자오,피자,해방촌,4.1,192,21.57702977451003,39600,서울 용산구 신흥로 15-1 (우)04338,37.5400251,126.9864697
콤포타블 남산,카페,해방촌,4.3,744,28.437552139032107,5875,서울 용산구 두텁바위로60길 49 대원정사 별관 4층 (우)04328,37.5489161,126.9833721
해방촌 혼고,"육류,고기",해방촌,4.5,125,21.76326858128165,22675,서울 용산구 신흥로 89 1층 (우)04338,37.5456762,126.9854495
면마루,한식,해방촌,4.1,83,18.166348875257583,8000,서울 용산구 신흥로 86 2층 (우)04339,37.5456589,126.9859476
꿈앤펀,양식,해방촌,4.7,71,20.10033075937546,19250,서울 용산구 신흥로20길 7 (우)04328,37.5460687,126.9848831
업스탠딩커피,카페,해방촌,4.1,288,23.23234942126097,0,"서울 용산구 신흥로 99-11 1,2층 (우)04337",37.5449265,126.9849717
S.caf,카페,해방촌,3.4,175,17.579645583129714,6000,서울 용산구 소월로26길 12 아르테소월 3층 (우)04339,37.54544,126.9870497
베제투스,양식,해방촌,4.3,59,17.60568161755503,14500,서울 용산구 신흥로 59 1층 (우)04338,37.5437097,126.987255
해방촌해운대,술집,해방촌,3.7,63,15.387867408430786,21250,서울 용산구 신흥로2길 31 1층 101호 (우)04339,37.5413054,126.9872939
에그앤플라워,이탈리안,해방촌,3.1,142,15.384818353805713,23500,서울 용산구 신흥로26길 35 (우)04337,37.5453523,126.9843008
데칼코마니,양식,해방촌,4.8,918,32.751773387307296,67325,서울 용산구 신흥로 97-4 1-2층 (우)04337,37.5452696,126.9848999
해방촌닭,치킨,해방촌,4.3,145,21.429508473345845,21000,서울 용산구 신흥로 97-5 1층 (우)04337,37.5452323,126.9848843
쉘터 해방촌,카페,해방촌,3.5,190,18.382956998163205,0,서울 용산구 신흥로11길 49-12 3층 (우)04338,37.544656,126.9855106
르카페,카페,해방촌,4.4,60,18.08784500236257,4925,서울 용산구 신흥로 33 1층 (우)04338,37.5415301,126.9870453
에잇피스피자,피자,해방촌,4.2,41,15.698212396790147,20750,서울 용산구 신흥로 42 1층 (우)04339,37.5421851,126.9875148
오파토,양식,해방촌,3.5,539,22.020491988454122,8500,서울 용산구 신흥로12길 4 1층 (우)04339,37.54333949999999,126.9879394
론드리프로젝트,카페,해방촌,4.5,131,21.972608651638666,5950,서울 용산구 신흥로 78 1층 (우)04339,37.5450442,126.9864935
달빛흘러간자리,카페,해방촌,4.5,185,23.51586003170941,3750,"서울 용산구 신흥로 95-5 1, 2층 (우)04337",37.5454078,126.985084
노스트레스버거,햄버거,해방촌,3.4,308,19.493360341452334,9000,서울 용산구 신흥로 62 1층 (우)04339,37.5438416,126.9874015
빌라커피,카페,해방촌,3.7,299,21.103995156227946,5000,서울 용산구 신흥로 101-9 2층 (우)04337,37.5446953,126.9849052
카페남산아래,카페,해방촌,4.5,98,20.678039325605653,4000,"서울 용산구 신흥로 94-1 1,2층 (우)04328",37.5456755,126.9849439
방방,와인바,해방촌,4.2,190,22.059548397795847,9500,"서울 용산구 신흥로 99-9 1,2층 (우)04337",37.5449709,126.984914
크레마노 해방촌점,카페,해방촌,4.8,39,17.706621379746892,3100,서울 용산구 소월로20길 28 (우)04337,37.5452749,126.9852049
루베이크,"제과,베이커리",해방촌,4.4,47,17.033284447994724,8500,서울 용산구 신흥로11길 50 지하1층 (우)04338,37.5447876,126.9861363
코타티,아이스크림,해방촌,4.2,60,17.26567022952791,5000,서울 용산구 신흥로12길 7 진흥푸르지오 1층 101호 (우)04339,37.5434626,126.9881743
토터스,카페,해방촌,3.5,302,19.998064819282792,7375,"서울 용산구 신흥로 81 1,2층 (우)04338",37.5453477,126.9859768
춈,양식,해방촌,4.6,298,26.22204043759716,21750,서울 용산구 신흥로 30 2층 (우)04339,37.5410461,126.9872407
세몰리나클럽,"호프,요리주점",해방촌,4.1,239,22.470619585702163,16500,서울 용산구 신흥로 59 1층 (우)04338,37.5437097,126.987255
사랑방 참숯화로구이,"육류,고기",해방촌,4.5,113,21.31289301777523,20250,서울 용산구 신흥로36길 4 (우)04337,37.5463972,126.9817824
카사블랑카,샌드위치,해방촌,4.2,198,22.231880263842868,8500,서울 용산구 신흥로 35 1층 (우)04338,37.5416416,126.9871159
홍,퓨전중식,해방촌,3.8,68,16.089604717469587,17750,서울 용산구 신흥로 95-17 1층 (우)04337,37.5450918,126.9849775
브루어스,"호프,요리주점",해방촌,4.4,73,18.93788641009835,14750,서울 용산구 신흥로20길 39 (우)04328,37.5473047,126.9839166
던베이글,"제과,베이커리",해방촌,4.4,57,17.865949246404245,11150,서울 용산구 신흥로 44 1층 (우)04339,37.5421851,126.9875148
어글라스오브,와인바,해방촌,3.4,74,14.679459586023453,6750,서울 용산구 신흥로11길 63 1층 101호 (우)04338,37.5451933,126.9855241
꼼모아,프랑스음식,해방촌,3.8,205,20.245929441400406,44000,서울 용산구 신흥로 56 1층 (우)04339,37.5435308,126.9877163
다모토리히읗,"호프,요리주점",해방촌,4.2,114,19.92871493912565,15750,서울 용산구 신흥로 31 1층 (우)04338,37.541293,126.986965
벤디또,"멕시칸,브라질",해방촌,4.6,42,17.301520532190384,13250,서울 용산구 신흥로 100 1층 (우)04337,37.5452309,126.9846829
테이블뷰,양식,해방촌,5.0,77,21.783544133447958,73500,서울 용산구 신흥로15길 18-8 1층 102호 (우)04338,37.5445325,126.9856437
훈육,"육류,고기",해방촌,3.4,23,10.805383023183015,18000,서울 용산구 소월로20길 38 1층 (우)04337,37.5448883,126.98515
투스키,카페,해방촌,4.4,34,15.643531470553421,0,서울 용산구 소월로20길 55 1동 1층 (우)04338,37.5441451,126.9845804
꾸에바마테라,카페,해방촌,4.2,104,19.546633470661597,4625,서울 용산구 소월로20길 28-1 1층 (우)04337,37.5452539,126.9851972
바이두부,샐러드,해방촌,4.6,299,26.237399383418524,4825,서울 용산구 소월로20길 10 2층 (우)04328,37.5460603,126.9852049
"주식회사 하버브라운Harbor Brown Co., Ltd.","제과,베이커리",해방촌,5.0,6,9.729550745276565,0,서울 용산구 신흥로3가길 2 (우)04338,37.5413009,126.986265
미드나잇포레스트,피자,해방촌,3.9,54,15.628599422406637,13725,서울 용산구 소월로20길 42 지하층 (우)04337,37.5446761,126.9850167
Journey,카페,해방촌,4.8,4,7.725301979683681,9500,서울 용산구 신흥로 59 1층 (우)04338,37.5437097,126.987255
소울다이닝,양식,해방촌,4.2,89,18.899200615387112,200000,서울 용산구 신흥로26길 35 지하1층 (우)04337,37.5453523,126.9843008
복만루,중국요리,해방촌,4.3,76,18.67836331397084,8750,서울 용산구 신흥로20길 14 1층 (우)04328,37.5463435,126.9848254
로우로우 버거샵,햄버거,해방촌,4.8,16,13.599424051469837,8975,서울 용산구 신흥로 41-1 102호 (우)04338,37.5423268,126.9872978
널담은공간 해방촌점,카페,해방촌,2.7,18,7.949985243749389,5000,서울 용산구 신흥로15길 18-12 (우)04338,37.5446013,126.9854254
지니펍 칵테일바 해방촌본점,칵테일바,해방촌,5.0,6,9.729550745276565,3009666,서울 용산구 신흥로 37 3층 (우)04338,37.5418074,126.9871338
올드빅,카페,해방촌,3.7,190,19.433411683772533,5625,서울 용산구 신흥로 95-13 1-4층 (우)04337,37.545179,126.9850028
해방공원(HB01),카페,해방촌,4.4,29,14.965268479313485,6000,"서울 용산구 신흥로 95-7 1-3층,루프탑 (우)04337",37.54535509999999,126.98512
바운스,카페,해방촌,5.0,4,8.047189562170502,6375,서울 용산구 신흥로3길 3 1층 (우)04338,37.5411082,126.9867129
노멀브런치,양식,해방촌,4.4,184,22.96956563034463,17500,서울 용산구 신흥로 142 1층 (우)04337,37.545824,126.9818369
오리,양식,해방촌,3.7,160,18.801196150442514,20000,서울 용산구 신흥로12길 4 1층 (우)04339,37.54333949999999,126.9879394
토스티데이즈(Toasty days),카페,해방촌,4.8,311,27.566415301485517,6625,서울 용산구 신흥로 97-6 1층 (우)04337,37.5451869,126.9848677
대광어회집,회,수유역,4.0,409,24.064628638793415,51250,서울 강북구 노해로 31 1층 (우)01078,37.6383412,127.0213498
스시노칸도 수유점,"초밥,롤",수유역,4.0,224,21.66440160881768,11125,서울 강북구 한천로139나길 1 3층 (우)01072,37.6390657,127.0252419
고메스퀘어 수유점,뷔페,수유역,3.1,396,18.55020247013029,26400,서울 강북구 도봉로 308 9층 (우)01062,37.6356916,127.0238173
장수마늘보쌈,"족발,보쌈",수유역,4.1,401,24.585453563337985,12875,서울 강북구 한천로 960 1층 (우)01061,37.636916,127.0344728
산성골,"육류,고기",수유역,3.0,96,13.724132935510148,41500,서울 강북구 덕릉로 126 (우)01130,37.6341917,127.0276685
여러분평양냉면,냉면,수유역,4.6,215,24.72628067534716,15500,서울 강북구 한천로 1074 1층 (우)01053,37.6426746,127.0249428
진순대곰탕,국밥,수유역,4.4,225,23.850353996798063,11000,서울 강북구 수유로 71 1층 (우)01080,37.6369599,127.0214396
소담촌 수유점,샤브샤브,수유역,3.9,147,19.489127867680047,16900,서울 강북구 도봉로 388 테마빌딩 8층 (우)01056,37.6413292,127.0296304
낙지일번지,"해물,생선",수유역,4.3,464,26.410760844025628,17750,서울 강북구 도봉로89길 10 1층 (우)01074,37.6392816,127.0260293
춘천골닭갈비,닭요리,수유역,4.2,81,18.508220838509864,12250,서울 강북구 한천로 1050 1층 (우)01054,37.64115839999999,127.0267999
화로몽 수유역점,닭요리,수유역,4.5,40,16.711074300169386,10500,서울 강북구 노해로8가길 18 (우)01072,37.6388137,127.0237091
이씨부엌,일본식주점,수유역,4.5,84,19.991930654206424,22500,서울 강북구 노해로8가길 32 (우)01072,37.6394122,127.0236342
큰두레참숯 국내산무한리필,"육류,고기",수유역,4.5,154,22.69541302613661,11933,서울 강북구 도봉로 284 1층 (우)01128,37.6323873,127.0241753
연화양꼬치 본관,양꼬치,수유역,4.4,46,16.940649447524258,16750,서울 강북구 한천로 1078 (우)01053,37.6426746,127.0249428
연탄집,"육류,고기",수유역,3.6,73,15.494634335535013,15750,서울 강북구 오패산로77길 31 (우)01065,37.6362527,127.025355
쿄우,일본식주점,수유역,5.0,161,25.437981676161918,16000,서울 강북구 오패산로 389 (우)01065,37.6363102,127.0265068
수유부추곱창,"곱창,막창",수유역,4.6,142,22.82908529919557,29000,서울 강북구 도봉로87길 26-21 (우)01072,37.6393043,127.0247664
흥부전놀부전,"호프,요리주점",수유역,3.3,280,18.60657040880136,18750,서울 강북구 노해로 42-1 1층 (우)01072,37.6394536,127.0229117
호조참치,참치회,수유역,4.0,1860,30.115477026569003,45000,서울 강북구 한천로 1062 (우)01053,37.6426746,127.0249428
만두향,한식,수유역,4.5,157,22.78167764862135,12250,서울 강북구 한천로123길 61 1층 (우)01068,37.6355956,127.0294287
상미규카츠 수유본점,"돈까스,우동",수유역,3.5,511,21.834136187638276,15625,서울 강북구 도봉로87길 32 1층 (우)01072,37.6390624,127.0241829
에이머그,카페,수유역,4.5,29,15.305388217479699,4425,서울 강북구 노해로 21 벤처월드 1층 (우)01080,37.6375465,127.0226311
육두막,"육류,고기",수유역,3.9,113,18.47117394873853,28250,서울 강북구 노해로 38 1층 (우)01072,37.63929770000001,127.0238259
수유리우동집 본점,"돈까스,우동",수유역,3.2,117,15.266190798290129,6875,서울 강북구 덕릉로 94 1층 (우)01129,37.6340274,127.0254666
우선도,"육류,고기",수유역,3.8,61,15.683110663171348,32675,서울 강북구 노해로8가길 28 1~2층 (우)01072,37.6392968,127.0236591
큐브이스케이프 수유점,테마카페,수유역,4.3,69,18.268529540812246,0,서울 강북구 도봉로87길 11 2층 (우)01073,37.638337,127.0248677
고향 가마솥곰탕,곰탕,수유역,3.3,55,13.283660579425993,13500,서울 강북구 한천로131길 36 1층 (우)01063,37.6379041,127.0266399
요리왕,중국요리,수유역,4.0,62,16.57253890556613,10000,서울 도봉구 덕릉로59마길 18 (우)01468,37.6404361,127.0371128
베틀아구찜 베틀1호점,아구,수유역,4.0,35,14.33407575382444,39000,서울 강북구 한천로131길 27 (우)01064,37.6381749,127.0271328
수유라멘,일본식라면,수유역,4.1,174,21.175622493086408,11000,서울 강북구 한천로131길 17 1층 (우)01064,37.6384408,127.0274209
조연탄 수유점,"육류,고기",수유역,4.5,327,26.068561237728648,12500,서울 강북구 한천로140길 20 (우)01054,37.6407714,127.0275941
산해진미,분식,수유역,4.5,48,17.51319134149782,5500,서울 강북구 한천로132길 34 1층 (우)01058,37.6391554,127.0298819
정아각 수유점,중국요리,수유역,4.2,309,24.093603649412607,11000,서울 강북구 한천로 1064 흥부네빌딩 1층 (우)01053,37.6426746,127.0249428
다래함박스텍,"돈까스,우동",수유역,4.4,395,26.318222529519716,6750,서울 강북구 수유로 20-2 (우)01112,37.6327602,127.0190328
황주집,"곱창,막창",수유역,3.4,302,19.426691538731852,40000,서울 강북구 도봉로 372 1층 (우)01056,37.6400727,127.0295322
신천지조개구이,조개,수유역,3.2,51,12.643979899460568,50500,서울 강북구 도봉로87길 22 (우)01072,37.638725,127.0246687
수유감자탕,감자탕,수유역,4.3,58,17.533411008794594,31333,서울 강북구 수유로 80 1층 (우)01081,37.6361302,127.0224603
용용선생 수유점,"호프,요리주점",수유역,3.1,78,13.545288342647767,16900,서울 강북구 노해로8길 28 프리마베라빌딩 1층 (우)01073,37.638283,127.024383
맥도날드 수유점,패스트푸드,수유역,3.4,114,16.13276923643505,0,서울 강북구 도봉로 342 (우)01063,37.6381546,127.0271543
다리원풍천장어,장어,수유역,3.6,103,16.71980723690894,42250,서울 강북구 노해로8길 2 1층 (우)01073,37.6376473,127.0232076
써브웨이 수유역점,샌드위치,수유역,3.3,51,13.03910427131871,9850,서울 강북구 오패산로 417 (우)01062,37.6373797,127.0251612
일번지정육식당 수유점,"육류,고기",수유역,4.1,71,17.534331087965825,52500,서울 강북구 한천로140길 5 (우)01054,37.6404211,127.0268393
수유리우동집 강북구청점,"돈까스,우동",수유역,3.1,31,10.743781298679153,7500,서울 강북구 한천로 1042 1층 (우)01054,37.64115839999999,127.0267999
신의주부대찌개 수유리점,"찌개,전골",수유역,2.8,53,11.169155330379969,8000,서울 강북구 한천로131길 7 1층 (우)01064,37.6386332,127.027865
호남해물탕,"해물,생선",수유역,4.1,23,13.030020704426576,51750,서울 강북구 한천로139길 42 (우)01072,37.638904,127.0249021
석관동떡볶이 수유점,떡볶이,수유역,3.0,95,13.693044574403508,7125,서울 강북구 도봉로87길 14 1층 (우)01074,37.6385205,127.0249913
공릉동닭한마리 수유점,닭요리,수유역,4.8,58,19.572179730747454,27500,서울 강북구 덕릉로28길 45 1층 (우)01132,37.6326668,127.0245415
쌍문동판다쓰,중국요리,수유역,4.1,179,21.29112308864986,19250,서울 도봉구 우이천로24길 49 1층 (우)01449,37.6467862,127.0306523
스시와다,"초밥,롤",수유역,4.3,23,13.665631470496166,33750,서울 강북구 도봉로 290 1층 (우)01128,37.6323873,127.0241753
상미식당,일식집,수유역,3.3,187,17.280258477338833,13000,서울 강북구 수유로 82 1층 (우)01081,37.6361172,127.0226456
마장동고기집 서울수유역점,"육류,고기",수유역,3.7,11,9.194154604215601,29700,서울 강북구 도봉로82길 23 1층 (우)01069,37.63552730000001,127.0249065
올드델리 수유점,인도음식,수유역,4.1,64,17.11498780657211,7750,서울 강북구 도봉로 355 2층 (우)01074,37.6393918,127.026749
향원,중국요리,수유역,4.3,59,17.60568161755503,7000,서울 도봉구 덕릉로59길 62 1층 (우)01469,37.6413414,127.0382367
홍익짬뽕 수유직영점,중국요리,수유역,3.0,75,12.992200020858993,9500,서울 강북구 노해로 33 1층 (우)01078,37.6383412,127.0213498
하와이조개 수유점,조개,수유역,4.7,689,30.722450508679135,21250,서울 강북구 노해로8길 29 (우)01072,37.6385329,127.0241951
장강기사님식당,중국요리,수유역,4.1,78,17.914736195114788,6750,서울 강북구 수유로 62-1 1층 (우)01081,37.6357527,127.0205992
리얼파스타 수유점,이탈리안,수유역,3.8,203,20.20885597660802,18850,서울 강북구 도봉로87길 26-12 (우)01072,37.6392168,127.0249104
은수식당,"육류,고기",수유역,4.1,33,14.45807815092626,16725,서울 강북구 한천로 1063 1층 (우)01070,37.6414109,127.0235057
군산해물탕,"매운탕,해물탕",수유역,3.4,40,12.626145026794648,48750,서울 강북구 한천로139길 41 1층 (우)01074,37.6385662,127.0251461
스시훈,"초밥,롤",수유역,4.2,9,9.670857390574993,16750,서울 강북구 오패산로 402 1층 (우)01064,37.6376395,127.028163
버거킹 수유역점,패스트푸드,수유역,3.6,53,14.360342567631388,0,서울 강북구 도봉로 314 삼성화재 1층 (우)01062,37.6373797,127.0251612
양다리걸쳤네 수유본점,"육류,고기",수유역,2.8,48,10.897096834709753,71000,"서울 강북구 노해로8길 16 우암센스뷰 101,102호 (우)01073",37.637762,127.023998
문가네정육식당 수유본점,"육류,고기",수유역,3.2,130,15.600631434243684,43000,"서울 강북구 한천로 1077 1,2층 (우)01070",37.6423016,127.0231916
돌깨마을맷돌순두부 수유점,두부전문점,수유역,2.8,76,12.162655181190315,10500,서울 강북구 오패산로 411 1층 (우)01065,37.6363102,127.0265068
투썸플레이스 수유사거리점,커피전문점,수유역,4.2,51,16.595223618041995,4700,서울 강북구 도봉로 295 스타타워 1층 (우)01081,37.6349281,127.0229369
컴포즈커피 수유역점,커피전문점,수유역,5.0,1,3.4657359027997265,0,서울 강북구 오패산로 417 1층 (우)01062,37.6373797,127.0251612
베이징양꼬치 수유점,양꼬치,수유역,3.8,26,12.52418009081645,12250,서울 강북구 한천로 1040 2층 (우)01054,37.6403775,127.026698
쭈꾸미킹 쌍문점,"해물,생선",수유역,2.7,70,11.509235668011552,13250,서울 도봉구 도봉로 425 1층 (우)01452,37.6443516,127.0306343
분코,일본식주점,수유역,3.6,82,15.907826188067753,11000,서울 강북구 도봉로87길 34-4 1층 (우)01072,37.6392075,127.0241239
신매콤터,분식,수유역,3.1,78,13.545288342647767,5375,서울 강북구 오패산로 412 (우)01064,37.6376395,127.028163
카페다담,카페,수유역,4.4,8,9.667788140279367,4650,서울 강북구 덕릉로 64 2층 (우)01112,37.6342809,127.0208048
고도라멘 수유본점,일본식라면,수유역,4.4,49,17.212901223883843,10125,서울 강북구 오패산로77길 4 1층 (우)01062,37.6373455,127.0262014
부부횟집 수유점,회,수유역,3.2,13,8.444983454768828,33500,서울 강북구 덕릉로 109 (우)01069,37.6353487,127.0263151
서촌계단집,"해물,생선",경복궁,3.0,1096,21.00100338082569,28500,서울 종로구 자하문로1길 15 1층 (우)03041,37.5763353,126.9714913
잘빠진메밀 서촌점,국수,경복궁,3.5,848,23.604207152089717,17250,서울 종로구 자하문로11길 4 1-2층 (우)03036,37.579665,126.9709851
라카페갤러리,갤러리카페,경복궁,4.7,322,27.154965919146488,14875,서울 종로구 자하문로10길 28 1층 (우)03044,37.5792927,126.9730284
한일관 광화문점,한정식,경복궁,3.4,90,15.336922322157289,16500,서울 종로구 종로1길 50 더케이트윈타워 A동 지하1층 (우)03142,37.574769,126.979032
애즈라이크,카페,경복궁,3.9,495,24.205646114227218,14500,서울 종로구 효자로7길 23 1층 (우)03044,37.5784234,126.9733336
온지음 레스토랑,한식,경복궁,4.4,115,20.915796840868005,210000,서울 종로구 효자로 49 4층 (우)03043,37.58050650000001,126.9733811
몽중헌 안국점,중국요리,경복궁,4.1,167,21.00825231555336,71250,서울 종로구 북촌로 31-22 (우)03055,37.5796149,126.9838413
청진옥,해장국,경복궁,3.3,766,21.920206444511944,22333,서울 종로구 종로3길 32 (우)03156,37.5718331,126.9798767
깡통만두,분식,경복궁,3.9,1475,28.45865492012563,26750,서울 종로구 북촌로2길 5-6 1층 (우)03059,37.5781622,126.9860854
아키비스트,카페,경복궁,3.9,768,25.915854781072014,4833,서울 종로구 효자로13길 52 1층 (우)03042,37.5822158,126.9726772
삼청동수제비,수제비,경복궁,3.1,2079,23.68438183535563,13250,서울 종로구 삼청로 101-1 1층 (우)03049,37.5846099,126.9819084
준수방키친,양식,경복궁,4.5,1166,31.7798623452895,26250,서울 종로구 자하문로11길 8 (우)03036,37.5796945,126.9707835
황생가칼국수,칼국수,경복궁,3.6,1602,26.56667574939439,12750,서울 종로구 북촌로5길 78 (우)03053,37.5800955,126.9806437
안주마을,"호프,요리주점",경복궁,4.0,1048,27.82237043358519,21000,서울 종로구 자하문로1길 3 (우)03041,37.5764578,126.9721561
어니언 안국,카페,경복궁,3.5,1207,24.83852482473166,5625,서울 종로구 계동길 5 (우)03059,37.5783339,126.9861363
칸다소바 경복궁점,일본식라면,경복궁,4.0,1388,28.945357371017376,11000,서울 종로구 자하문로7길 5 1층 (우)03040,37.5781613,126.9712751
테라로사 광화문점,커피전문점,경복궁,4.0,355,23.49972292340812,5700,서울 종로구 종로1길 50 더케이트윈타워 B동 1층 (우)03142,37.574708,126.979549
도량,중국요리,경복궁,4.4,605,28.190271938704985,26500,서울 종로구 자하문로6길 6 백송빌딩 2층 (우)03044,37.5779717,126.9725066
나무사이로,커피전문점,경복궁,4.1,455,25.10222051900898,5500,서울 종로구 사직로8길 21 1층 (우)03169,37.5746678,126.9709706
토속촌삼계탕,삼계탕,경복궁,3.7,1328,26.61107361723901,22250,서울 종로구 자하문로5길 5 (우)03041,37.5776249,126.9716821
영화루,중국요리,경복궁,3.2,650,20.731230855067423,7250,서울 종로구 자하문로7길 65 1층 (우)03036,37.58014,126.9690212
알로이막막,동남아음식,경복궁,3.0,500,18.649818303254595,15375,서울 종로구 자하문로7길 30 (우)03040,37.5786269,126.9703334
스미스가 좋아하는 한옥,이탈리안,경복궁,3.4,475,20.96242070438683,25500,서울 종로구 삼청로 22-7 (우)03062,37.577956,126.9801004
서촌김씨뜨라또리아,이탈리안,경복궁,4.2,272,23.559781539776832,21250,서울 종로구 자하문로9길 6 2층 (우)03036,37.579579,126.9708425
김진목삼,삼겹살,경복궁,4.5,403,27.00636695082518,18666,서울 종로구 자하문로1길 56 1층 (우)03041,37.5771681,126.9695389
풍년쌀농산,분식,경복궁,3.3,871,22.34360509889963,3375,서울 종로구 북촌로5가길 32 1층 (우)03053,37.5809244,126.9817118
포담,중국요리,경복궁,3.5,295,19.91625809013421,19250,서울 종로구 사직로 133-10 2층 1호 (우)03044,37.5763755,126.9734463
스태픽스,카페,경복궁,3.3,1194,23.383474832406513,7125,서울 종로구 사직로9길 22 1층 102호 (우)03027,37.5776587,126.9678039
포비 광화문점,카페,경복궁,4.3,874,29.129162711337738,6125,서울 종로구 종로3길 17 광화문D타워 1층 21호 (우)03155,37.5709867,126.97892
PKM가든레스토랑,양식,경복궁,4.0,125,19.345127627805912,29500,서울 종로구 삼청로7길 40 PKM갤러리 2층 (우)03049,37.5840393,126.9801337
마산해물아구찜,아구,경복궁,3.8,241,20.85796335939541,36250,서울 종로구 북촌로5길 6 2층 (우)03055,37.57953020000001,126.9845862
후라토식당 본점,일식,경복궁,3.8,529,23.836932624875434,17750,서울 종로구 새문안로5길 19 로얄빌딩 지하1층 63호 (우)03173,37.571988,126.9743281
백년토종삼계탕,삼계탕,경복궁,2.7,91,12.20882915803241,23250,서울 종로구 북촌로 41 1-2층 (우)03055,37.5805723,126.9847196
블루보틀 삼청 카페,커피전문점,경복궁,3.5,859,23.649263362366437,5600,서울 종로구 북촌로5길 76 1~3층 (우)03053,37.5800995,126.9808429
마지,한식,경복궁,3.6,132,17.605256861598313,9750,서울 종로구 자하문로5길 19 (우)03041,37.5776006,126.9707943
고치비,이탈리안,경복궁,3.7,385,22.036598267019876,28000,서울 종로구 필운대로 38 1층 (우)03040,37.579331,126.9689389
스코프 서촌점,"제과,베이커리",경복궁,3.7,458,22.677485777224017,4825,서울 종로구 필운대로5가길 31 (우)03037,37.5803606,126.967478
까델루뽀,이탈리안,경복궁,3.9,140,19.300163572474858,19250,서울 종로구 자하문로16길 5-5 (우)03042,37.5818097,126.9714224
서울서둘째로잘하는집,전통찻집,경복궁,4.1,412,24.696135131140235,7250,서울 종로구 삼청로 122-1 (우)03053,37.5862441,126.9818509
강구미주구리,회,경복궁,3.9,113,18.47117394873853,37500,서울 종로구 자하문로2길 5 (우)03044,37.5765943,126.9730362
체부동잔치집,국수,경복궁,3.6,1009,24.903740195407096,9625,서울 종로구 자하문로1길 16 1층 (우)03041,37.57655159999999,126.9715014
기와탭룸,"호프,요리주점",경복궁,4.0,248,22.06981158585883,11175,서울 종로구 율곡로1길 74-7 1층 (우)03062,37.5786835,126.981705
국빈관,"육류,고기",경복궁,3.6,378,21.375130338296735,44000,서울 종로구 자하문로2길 17-4 (우)03044,37.5766245,126.9738266
스모어마켓 픽사하우스,테마카페,경복궁,4.3,359,25.31024733523567,9100,"서울 종로구 율곡로3길 74-3 1,2층 (우)03061",37.5790204,126.982394
더마틴,카페,경복궁,3.9,363,22.998900083783287,6250,서울 종로구 자하문로 54-1 1층 (우)03043,37.5809502,126.9714965
한옥달,이탈리안,경복궁,4.0,96,18.29884391401353,20000,서울 종로구 자하문로1가길 9 1층 (우)03041,37.5769438,126.9718793
체부동수제비와보리밥,수제비,경복궁,3.8,230,20.681187299982813,12250,서울 종로구 자하문로5길 16 1층 (우)03040,37.5777894,126.9710431
조선김밥,분식,경복궁,2.7,198,14.29192302675613,7525,서울 종로구 율곡로3길 68 1층 (우)03061,37.5786226,126.9822022
인텔리젠시아 커피 서촌,커피전문점,경복궁,3.1,423,18.75417371121907,5600,서울 종로구 자하문로 34 1층 (우)03044,37.5790884,126.9717598
창성갈비,갈비,경복궁,4.0,62,16.57253890556613,10500,서울 종로구 자하문로 40-1 1층 (우)03043,37.57963549999999,126.9715949
이태리총각,이탈리안,경복궁,3.3,120,15.826108800469246,24000,서울 종로구 자하문로9길 11 1층 (우)03040,37.579332,126.9705632
옥토버훼스트 종로점,"호프,요리주점",경복궁,3.4,170,17.481656092109045,35750,서울 종로구 종로5길 13 삼공빌딩 1층 (우)03157,37.57103559999999,126.9805364
금상고로케 서촌마을점,"제과,베이커리",경복궁,4.4,163,22.439412282426478,12000,서울 종로구 자하문로9길 24 1층 (우)03036,37.579581,126.9697597
서촌기와집,갈비,경복궁,3.2,59,13.101902599110723,32500,서울 종로구 자하문로1길 35 1층 (우)03041,37.5765076,126.9702488
크리스탈제이드 광화문상하이팰리스점,중국요리,경복궁,3.8,230,20.681187299982813,46750,서울 종로구 율곡로2길 7 서머셋팰리스 1층 103호 (우)03143,37.5750912,126.9811574
소금집델리 안국,샌드위치,경복궁,3.7,1227,26.318625802216225,11300,서울 종로구 북촌로4길 19 신영빌딩 1층 103호 (우)03056,37.5794399,126.9862502
두오모 북스앤쿡스,이탈리안,경복궁,3.9,160,19.817477023439405,43500,서울 종로구 자하문로16길 5 1층 (우)03042,37.5816557,126.9715615
프릳츠 원서점,디저트카페,경복궁,3.1,242,17.0284904743557,4825,서울 종로구 율곡로 83 1층 (우)03058,37.577738,126.9883615
아티스트베이커리 안국,"제과,베이커리",경복궁,3.2,2531,25.077647306445016,5500,서울 종로구 율곡로 45 1층 (우)03060,37.5764067,126.9843582
평양고깃집,"육류,고기",경복궁,4.4,2533,34.48523918787677,17250,서울 종로구 인사동5길 14 2층 (우)03149,37.5727094,126.9853071
김용현베이커리,"제과,베이커리",경복궁,4.0,314,23.010290555302532,4200,서울 종로구 자하문로 21 1층 (우)03040,37.5779879,126.9715459
일품진진수라 광화문점,한정식,경복궁,3.6,147,17.989964185550814,25000,서울 종로구 종로5길 7 타워8빌딩 지하2층 201~206호 (우)03157,37.5706937,126.9805708
광화문뚝감,감자탕,경복궁,3.9,682,25.45332995232608,25500,서울 종로구 새문안로3길 21 1층 (우)03175,37.57210190000001,126.9725724
The94,이탈리안,경복궁,3.9,99,17.960163725353556,19750,서울 종로구 자하문로10길 10-32 1층 (우)03044,37.5789832,126.9719689
도트블랭킷,카페,경복궁,4.2,626,27.05197547065827,12125,서울 종로구 윤보선길 22 1층 (우)03060,37.5770255,126.9841015
북촌도담,한식,경복궁,3.1,596,19.81494305151707,21750,서울 종로구 북촌로1길 9 1층 (우)03060,37.5773383,126.9852602
대장장이화덕피자,피자,경복궁,3.7,468,22.757230243251232,22250,서울 종로구 북촌로 42-4 (우)03056,37.5805576,126.9853577
오레노라멘 인사점,일본식라면,경복궁,4.2,1353,30.285437504583328,6750,서울 종로구 율곡로 49-4 1층 101호 (우)03060,37.5765769,126.9845745
화목순대국 광화문1호점,순대,경복궁,3.9,447,23.80869360641844,15500,서울 종로구 새문안로5길 11 1층 (우)03182,37.57119,126.9747387
이문설농탕,설렁탕,경복궁,3.1,906,21.111441595356922,17000,서울 종로구 우정국로 38-13 1층 (우)03149,37.5727333,126.9838928
대오서점,카페,경복궁,2.9,91,13.113186873442217,5750,서울 종로구 자하문로7길 55 (우)03036,37.5804114,126.969845
다운타우너 안국,햄버거,경복궁,4.0,1089,27.975731900892757,12275,서울 종로구 북촌로 6-4 1층 (우)03059,37.577459,126.9863113
후니도니,"돈까스,우동",경복궁,4.5,612,28.88264221171295,10375,서울 종로구 종로 19 르메이르종로타운 지하1층 113-5호 (우)03157,37.5704585,126.9798503
효자동초밥,"초밥,롤",경복궁,3.2,242,17.577796618689757,19000,서울 종로구 자하문로 14 1층 (우)03044,37.5773886,126.9724395
스타벅스 강동암사DT점,커피전문점,암사동 유적,4.0,56,16.1722050713382,6500,서울 강동구 고덕로 43 (우)05238,37.5554017,127.1310853
드딜라이트 키친,"스테이크,립",암사동 유적,3.1,82,13.698405884169455,81250,서울 강동구 올림픽로 834 한강시티라이프 1층 101호 (우)05238,37.55536499999999,127.1297296
성경만두요리전문점 암사점,분식,암사동 유적,3.1,45,11.868788329116194,15625,서울 강동구 고덕로 78 (우)05252,37.5539943,127.13257
방이샤브샤브칼국수,샤브샤브,암사동 유적,4.5,43,17.028853352632176,6750,서울 강동구 올림픽로 824 1층 (우)05251,37.55440129999999,127.1293547
암사민물장어 암사본점,장어,암사동 유적,3.5,49,13.69208051899851,31000,서울 강동구 고덕로 33 1층 (우)05239,37.55496540000001,127.1289817
육대쌈 암사점,고기뷔페,암사동 유적,2.8,261,15.59136461053107,13675,서울 강동구 고덕로 104 (우)05255,37.553204,127.1368341
박승자당진아구동태찜탕 암사점,아구,암사동 유적,3.7,12,9.490312622607686,30000,서울 강동구 올림픽로 818 1층 (우)05251,37.5532962,127.1300866
주양두리수제왕돈까스 암사동본점,"돈까스,우동",암사동 유적,2.4,127,11.644872633407081,10900,서울 강동구 고덕로 89 2층 (우)05237,37.5549536,127.1352978
교촌치킨 암사1호점,치킨,암사동 유적,3.1,29,10.543711883152682,16700,서울 강동구 올림픽로 807 1층 (우)05241,37.5531289,127.1283153
엄나무닭옻닭본가 본점,닭요리,암사동 유적,4.3,12,11.029282237084608,15500,서울 강동구 고덕로27길 25 1층 (우)05237,37.5558913,127.1377373
금강산감자탕,감자탕,암사동 유적,2.9,42,10.90748033551133,31750,서울 강동구 올림픽로 804 1층 (우)05251,37.5527079,127.128756
지리산왕재봉흑돼지,"육류,고기",암사동 유적,4.0,187,20.945767851319797,17500,서울 강동구 상암로 26 1층 (우)05242,37.55041900000001,127.1263547
전통춘천닭갈비,닭요리,암사동 유적,4.2,46,16.170619927182248,15000,서울 강동구 고덕로10길 18 (우)05251,37.5539859,127.129929
이차돌 암사점,"육류,고기",암사동 유적,3.8,26,12.52418009081645,25650,서울 강동구 올림픽로 821 1층 2호 (우)05241,37.5544493,127.1287895
선사흑염소명가,"사철탕,영양탕",암사동 유적,5.0,4,8.047189562170502,23500,서울 강동구 아리수로 65 1층 (우)05207,37.5572256,127.1366935
우리동네막국수국밥,국수,암사동 유적,4.8,145,23.921311784200014,9000,서울 강동구 상암로4길 9 1층 (우)05242,37.5500084,127.1265548
선남Sea,"초밥,롤",암사동 유적,4.5,90,20.298867779325825,14750,서울 강동구 상암로 26 선사타워빌딩 1층 (우)05242,37.55041900000001,127.1263547
소문난순대국감자탕,국밥,암사동 유적,4.2,29,14.285029002981053,25500,서울 강동구 고덕로10길 54 1층 (우)05251,37.55237109999999,127.1293323
암사원조소곱창,"곱창,막창",암사동 유적,5.0,36,18.05458956322112,34000,서울 강동구 고덕로10길 10 (우)05251,37.554338,127.1300497
구포국수,국수,암사동 유적,4.8,8,10.546677971213853,6500,서울 강동구 고덕로 105 (우)05237,37.5557763,127.1359676
암사고바우감자탕,감자탕,암사동 유적,3.2,48,12.453824953954005,22250,서울 강동구 올림픽로 812 1층 (우)05251,37.5533015,127.1289707
개수리막국수 암사점,국수,암사동 유적,2.9,1158,20.46040724568528,29000,서울 강동구 올림픽로 759 1층 (우)05242,37.54903789999999,127.1268391
옛날불고기,"불고기,두루치기",암사동 유적,4.2,407,25.24732213249748,32750,서울 강동구 상암로12길 4 1층 (우)05318,37.5494733,127.1282211
파파존스 천호암사점,피자,암사동 유적,5.0,6,9.729550745276565,32750,서울 강동구 고덕로 81 1층 (우)05237,37.5549598,127.1344894
개성한가손만두,분식,암사동 유적,4.1,30,14.079347538389099,8000,서울 강동구 고덕로10길 26 1층 (우)05251,37.5535447,127.1297788
아차산로59,카페,암사동 유적,4.0,226,21.69980006992561,7000,경기 구리시 아차산로 59 (우)11958,37.5635986,127.1147239
유로스타커피로스터스,커피전문점,암사동 유적,4.9,9,11.282666955670825,3125,서울 강동구 암사길 41 1층 유로스타로스터스 (우)05254,37.5519909,127.1339097
묘향손만두,한식,암사동 유적,3.4,242,18.676408907357864,20000,경기 구리시 아차산로 63 1층 (우)11958,37.5639881,127.1148649
잇츠,이탈리안,암사동 유적,4.3,48,16.734827281875692,11625,서울 강동구 고덕로 52 (우)05251,37.5532962,127.1300866
그집김밥,분식,암사동 유적,4.7,110,22.13479194616797,4375,서울 강동구 상암로 61 선진빌딩 1층 (우)05262,37.5491196,127.1301891
추담골남원추어탕 암사점,추어,암사동 유적,4.7,20,14.309255457300088,17500,서울 강동구 고덕로 52 대원아파트 상가 1층 (우)05251,37.5544001,127.1305661
사우스,한식뷔페,암사동 유적,5.0,7,10.39720770839918,0,서울 강동구 고덕로 96-7 2층 (우)05255,37.554384,127.1359944
홍매,회,암사동 유적,5.0,15,13.862943611198906,156750,서울 강동구 상암로 20 1층 103호 (우)05242,37.55063519999999,127.1257982
와카노키친,일본식주점,암사동 유적,3.9,175,20.16488758064879,34000,서울 강동구 암사길 23 1층 (우)05253,37.5517553,127.1317952
암사초밥,"초밥,롤",암사동 유적,3.8,26,12.52418009081645,20750,서울 강동구 올림픽로100길 25 1층 (우)05251,37.5522513,127.1297937
9292꼬치 암사점,닭요리,암사동 유적,4.5,4,7.242470605953451,3000,서울 강동구 고덕로 88-5 (우)05254,37.5544614,127.135517
원조이화사철탕,"사철탕,영양탕",암사동 유적,3.3,12,8.46433287962307,22500,서울 강동구 올림픽로 833-11 (우)05239,37.55540939999999,127.1287986
강천민물장어,장어,암사동 유적,3.8,26,12.52418009081645,14500,"서울 강동구 고덕로 52 상가동 1층 17,17-1호 (우)05251",37.5545782,127.1305602
바른맥주 암사점,"호프,요리주점",암사동 유적,4.0,4,6.437751649736401,15150,서울 강동구 암사길 37 1층 (우)05253,37.5519313,127.1335809
고향풍천장어,장어,암사동 유적,4.6,30,15.796341140631672,72500,서울 강동구 고덕로8길 52 1층 (우)05251,37.552467,127.1289072
선사복집 암사본점,복어,암사동 유적,3.6,9,8.289306334778566,67500,서울 강동구 올림픽로 811 (우)05241,37.552444,127.1278687
공감99,"호프,요리주점",암사동 유적,4.0,112,18.909551274849363,13900,서울 강동구 올림픽로98가길 31 1-3층 (우)05262,37.5507807,127.1314092
모던기와커피,카페,암사동 유적,2.9,338,16.895400311403304,6275,경기 구리시 아차산로 37 (우)11958,37.5652259,127.1168691
루이,중식,암사동 유적,4.4,87,19.700281983704112,12750,서울 강동구 상암로3길 72 1층 (우)05241,37.5536382,127.1278292
지호한방삼계탕 암사점,닭요리,암사동 유적,2.4,46,9.24035424410414,23750,서울 강동구 올림픽로 813 1층 (우)05241,37.5536763,127.128529
온더브레드 강동점,카페,암사동 유적,2.2,42,8.274640254525838,6000,서울 강동구 아리수로 55 (우)05207,37.5599806,127.1354754
암사돈,"육류,고기",암사동 유적,4.9,9,11.282666955670825,48000,"서울 강동구 고덕로 101 107, 108호 (우)05237",37.5557763,127.1359676
카페공공장소,커피전문점,암사동 유적,4.6,83,20.38175727467924,6750,서울 강동구 암사길 7-1 암사동빌딩 1층 101호 (우)05263,37.55106900000001,127.1304125
고구려참숯구이,갈비,암사동 유적,4.2,952,28.810382595347647,72500,경기 구리시 우미내길 6 1층 (우)11958,37.5630396,127.1142784
강동꿈드래마켓 2호점,카페,암사동 유적,5.0,1,3.4657359027997265,0,서울 강동구 올림픽로 875 (우)05239,37.5573061,127.1283753
피자헛 암사점,피자,암사동 유적,3.7,6,7.199867551504659,33150,서울 강동구 고덕로 96 (우)05255,37.553204,127.1368341
비룡중화요리,중국요리,암사동 유적,3.9,23,12.394409938356988,8000,서울 강동구 고덕로10길 14 1층 (우)05251,37.5542094,127.1300111
카페썸머,카페,암사동 유적,5.0,27,16.66102255087602,5500,서울 강동구 고덕로23길 6 1층 102호 (우)05237,37.5551174,127.135234
암사골목냉면,냉면,암사동 유적,4.3,33,15.163350255849494,8250,서울 강동구 올림픽로93길 5 1층 (우)05242,37.549078,127.1266301
한끼만두 암사점,분식,암사동 유적,4.7,28,15.82629040093643,0,서울 강동구 고덕로10길 46 1층 (우)05251,37.5527872,127.1294981
큰집추어탕,추어,암사동 유적,4.6,112,21.745983966076768,11000,서울 강동구 고덕로 96-1 (우)05255,37.5544606,127.1361461
암사닭강정,닭강정,암사동 유적,3.8,29,12.92455005031619,10000,서울 강동구 고덕로10길 72 1층 (우)05263,37.5516261,127.1290747
태양수산,회,암사동 유적,3.8,61,15.683110663171348,32000,"서울 강동구 상암로 42 암사오피스텔 1층 111,112호 (우)05318",37.5495488,127.127852
더큰바다활어찜,일식,암사동 유적,4.3,6,8.367413640937846,28000,서울 강동구 고덕로 96-7 (우)05255,37.554384,127.1359944
반계락 본점,삼계탕,암사동 유적,3.3,40,12.254787820124216,11500,서울 강동구 고덕로10길 21 1층 (우)05251,37.5536708,127.1301489
풍촌코다리네 본점,"해물,생선",암사동 유적,4.2,346,24.56716407577681,21500,서울 강동구 올림픽로 763 1층 (우)05242,37.549314,127.1269448
빨간쭈꾸미 본점,"해물,생선",암사동 유적,4.0,70,17.050719508165262,14000,서울 강동구 암사길 22 (우)05262,37.5503646,127.1312139
조게찜터,조개,암사동 유적,3.3,34,11.732648602915065,18500,서울 강동구 고덕로10길 11 1층 (우)05251,37.5541026,127.1302708
솔터,한식,암사동 유적,3.5,2,3.845143010338384,14750,서울 강동구 선사로 200-46 (우)05239,37.5573061,127.1283753
하나참치,참치회,암사동 유적,4.2,12,10.772787301338456,77750,서울 강동구 구천면로47길 82 (우)05259,37.5517026,127.1353087
토담골멸치국수,국수,암사동 유적,3.0,7,6.238324625039507,4000,서울 강동구 고덕로25길 6 (우)05237,37.5551182,127.136625
원조강동유황오리주물럭,오리,암사동 유적,2.6,40,9.6552873734312,49250,서울 강동구 올림픽로92길 46 (우)05322,37.5480251,127.1293548
김장하는고기집향산리 암사역점,"육류,고기",암사동 유적,5.0,134,24.526373892192147,48000,서울 강동구 올림픽로 807 1층 (우)05241,37.5531289,127.1283153
카페러블리,카페,암사동 유적,4.6,5,8.242093558449053,4325,서울 강동구 고덕로10길 22 1층 (우)05251,37.5537533,127.1298428
카페쏠트,카페,암사동 유적,5.0,3,6.931471805599453,4125,서울 강동구 고덕로 49 1층 (우)05238,37.5549872,127.1307758
해안반점,중국요리,암사동 유적,3.0,18,8.83331693749932,12375,서울 강동구 고덕로10길 48 1층 (우)05251,37.5526904,127.1294639
동태마을,"해물,생선",암사동 유적,4.2,28,14.142642485943192,24500,서울 강동구 고덕로10길 19 (우)05251,37.5537993,127.1301957
메가MGC커피 암사점,커피전문점,암사동 유적,1.7,10,4.07642196375723,0,서울 강동구 고덕로 95 1층 (우)05237,37.5549255,127.135839
=======
>>>>>>> Stashed changes
